id,submissionId,fileName,filePath,fileSize,mimeType,uploadedAt
0005e0b8-80c6-43d7-9199-217dea5a8cd3,41767f0e-366f-478b-b750-dd1292406fae,yowza.img,/uploads/c9412788-cdaf-4bef-838a-9e91c1a091b0.ogx,6470047,application/vnd.oasis.opendocument.spreadsheet,2025-09-18 17:15:42.826
00a2e6cd-a027-420e-a001-21e106c460ae,29a9c50e-f2f7-4e6c-8163-be2aea79d877,pressure_under.mpga,/uploads/f06f2676-ebb2-44c0-800e-74efa99eae9c.oga,1842430,application/octet-stream,2025-09-18 17:20:13.251
00bdca99-e4a3-4139-a6e1-fd6ad204c822,cfbcfa08-b412-4db5-b0a4-44ad0c73e6fa,supposing_lest_class.text,/uploads/a2b673c9-d0c6-49ec-88d9-8e97e8060e02.zip,2215106,application/x-bzip2,2025-09-18 17:18:50.921
010edbf1-4513-41dd-b3ef-3b1fd6e5192c,41767f0e-366f-478b-b750-dd1292406fae,ugh.mpe,/uploads/75887f1b-db34-449b-903e-b19483fa2587.mp3,8446296,application/x-7z-compressed,2025-09-18 17:15:43.083
011d0053-b9a5-41c8-8753-ef094ea4fb2b,6e8f0a93-6576-41ea-922c-91ad5a9c2e3e,inside.exe,/uploads/7519091d-657b-41d0-b8d0-5948c7ce4e93.boz,3567097,audio/midi,2025-09-18 17:15:26.817
01ed82d2-a45a-442d-96c6-807429effec5,69b0b9e4-09e0-464b-9e42-2b331f76df50,for_dreamily.3g2,/uploads/7e8237e5-6c51-45c2-8fe3-716495fbd84a.mpg,9666647,application/vnd.oasis.opendocument.presentation,2025-09-18 17:18:32.109
03330149-3e1f-43e0-b675-31122e9550d5,055d0c1a-17f4-42ef-944a-ae278d23fa9d,behold_intentional.ini,/uploads/c9da81d7-6d0a-4723-9ccb-4b0989f076af.bz,9000345,text/javascript,2025-09-18 17:17:24.581
04023192-92e9-4f8e-b12b-7ead0e8569b2,11e2e36c-f6e9-4cce-9c01-82d2b4985f7f,past_strife.xlc,/uploads/6febf1b9-1373-40be-a273-e88e3f4cea96.iso,8309479,application/vnd.oasis.opendocument.spreadsheet,2025-09-18 17:18:41.942
044869df-085e-48e8-8ed6-b3b1ba32b74f,1626ff7e-20c7-4e88-93d0-523d07ae83d0,clarinet_disqualify.gif,/uploads/ba44ae79-36e5-47c6-8e61-1b90bbd77bfc.pkg,3047332,application/x-sh,2025-09-18 17:19:36.573
06101792-de07-4635-bf07-b2f63d962fb7,5ae4eac6-f0f6-4232-b4f8-40b6045baa71,academy_of.jpeg,/uploads/a90aa705-3dcb-4cb8-b0a0-b1329d2f7b90.ogx,5009601,application/vnd.openxmlformats-officedocument.presentationml.presentation,2025-09-18 17:20:46.478
0629f40e-98f1-46a2-99e9-556654c7819b,8bc0c035-04b2-46d2-8907-2958d994682f,duh.mid,/uploads/6af10b8f-6087-40fa-8e0d-0305bf21e975.odt,2783474,application/pdf,2025-09-18 17:19:27.97
095c73d4-e867-4fdd-a43c-b60be9db47f0,2f572121-ce71-4273-b40e-6ea58261f0bb,coaxingly.bz2,/uploads/c420639d-0917-4332-b48a-13523083f21e.dll,4179339,text/calendar,2025-09-18 17:15:27.967
0ad13739-9ff5-4b8c-9b1f-9d1d144bbce2,4755e408-202e-48d3-9106-30070c5a5997,malinger_youthfully_yowza.zip,/uploads/6c5ddbdd-388c-4f35-a6d2-63ae32e93b83.msi,2253168,application/msword,2025-09-18 17:14:46.818
0af797ca-7d8b-4093-96bf-02e409510e28,1bb2a729-bd7b-4b95-b344-87a25f21895b,willingness.weba,/uploads/ef3f2568-6a40-476a-a1ec-dcae93d80052.pps,9302084,application/vnd.oasis.opendocument.presentation,2025-09-18 17:18:25.681
0b49eb00-867d-4d98-97ce-d004dbad84b1,2657d346-8d87-4946-9559-b9de1ccc5b03,mysteriously_striking.kar,/uploads/93f4243c-f510-48cf-9e22-b619b5aa9bf0.3gp,5214668,image/tiff,2025-09-18 17:17:40.999
0badf4a0-9d34-47ce-91d2-f06b3d5c6967,6d8183e7-e119-4b22-ab7d-d3444cb0d3f8,pace_hence.3g2,/uploads/75520866-33de-4a32-9c91-bab235bb051d.xlm,9396500,application/gzip,2025-09-18 17:19:12.121
0bb9e31b-caa9-4ed0-93a7-bd5c54ddc1de,76a7d29d-bede-4e03-99b9-de8aa3104b76,notwithstanding_so.mp2a,/uploads/87d98afa-4a71-439f-a62d-e41454b643dc.odt,3392741,application/vnd.rar,2025-09-18 17:17:52.982
0bb9ef95-089a-4b60-9baf-57d633692085,8673cae7-a297-4608-b12e-ea9dcc3319b3,thunderous_exit.xul,/uploads/d2fa7c2a-43e5-4b28-8f80-5a39dab24c10.ini,7237427,image/vnd.microsoft.icon,2025-09-18 17:17:40.092
0c1c60b1-e637-41d1-9cd4-61473208ae12,4b381f57-f421-466c-b098-2c093e9afd35,collapse_specialist_of.3gpp,/uploads/9a942e73-5517-45f3-8a0e-4fada1c67f85.avif,1964526,audio/3gpp,2025-09-18 17:14:29.446
0c466f7b-d989-400f-b34a-fb86f29cdc30,8ea71651-9828-4eb8-8c27-b166dbed3528,scrawny_year.rtf,/uploads/2226e8f2-935a-482c-9878-1980d6b6958c.wav,8764080,text/html,2025-09-18 17:17:49.456
0d8c3b5d-3037-4094-837c-11fac7be06a3,15e5becb-1864-412c-a187-25f7d67d74a3,endothelium.xla,/uploads/e09dd8fd-35b6-413e-82f1-b27a9dbf096f.3g2,4652145,application/vnd.amazon.ebook,2025-09-18 17:15:08.101
0ddbc556-b08e-48bb-93dd-8827d875be2b,b1195c8c-919a-47f4-b6df-a33655f325e3,while_through_dynamics.vss,/uploads/7434248c-be78-496a-ba18-25d1e88971d3.dll,679136,image/webp,2025-09-18 17:15:02.722
0f7ba95e-7daa-4fb6-9052-24f0ee5d6e90,9627c037-55e2-4ec9-9428-cb67dd960226,longingly_aw.css,/uploads/2767c5db-d783-42a7-a535-042514508be2.vst,674154,image/jpeg,2025-09-18 17:14:51.925
0fec5e49-2dd2-4d24-81a9-604616545237,52256044-65fb-45b5-8f62-1e74317b2fff,huzzah.boz,/uploads/4d86f739-cecc-4ea5-bf63-cb6975c93cb9.mpg,4827359,font/otf,2025-09-18 17:20:32.933
102a1730-1bad-404e-859e-ef7c746d70e0,2657d346-8d87-4946-9559-b9de1ccc5b03,hoodwink_norm_antler.3gpp,/uploads/696f3845-eabb-4e6e-b379-267b56b665d6.def,4028475,application/gzip,2025-09-18 17:17:40.73
108bfd6d-e2d1-4ae9-997f-fd92de00a9df,9829a692-0fa6-40cf-a73f-d38d7ab7fd27,mishit_whoever.tar,/uploads/ddd09802-681d-4acd-b918-4d61aea33de1.wav,8227157,text/javascript,2025-09-18 17:20:37.537
10d0e774-263c-4581-ba90-d80e9eadeca4,663bb1b4-31f4-4448-8e17-0e8b59f089db,glory_vivaciously_yieldingly.xsd,/uploads/e4fffd3b-0e57-458f-9221-123cacae43f7.pptx,5064136,image/jpeg,2025-09-18 17:15:52.534
122a5704-e2d1-41a2-81a1-d0541d98182f,6762e65b-8746-4e0b-98f5-a2b6b4cb665c,demean_furthermore.avif,/uploads/45225ff5-37b6-417d-acc1-8f2c1bada9e1.in,2549568,video/mp4,2025-09-18 17:17:19.158
1255573e-16ef-4f5c-827a-b41ee205c66e,23e16941-6294-4dc8-a20d-bb648f8f3888,tattoo_whenever_fry.gif,/uploads/14456129-d1ef-4598-8736-90afd60c68ad.ogv,7611777,audio/midi,2025-09-18 17:16:41.079
15985e17-191c-4bfe-a537-8d83018d5ba5,ca1d8bcf-5f28-436a-832c-fcf5ed41edca,jewelry.7z,/uploads/b61ba76d-1d83-44ca-85cc-fb0bbe62bf44.ics,1307771,font/woff,2025-09-18 17:16:14.309
15b9cc7e-eeae-4217-9594-c4be499da25c,9ddb9994-9c8c-4817-a580-a9dfb26a74a8,catalyst_criminal.xhtml,/uploads/6013c212-d636-490e-9f10-7509d78a56c0.weba,8492416,application/json,2025-09-18 17:19:06.497
16e6a50a-a6b0-4dbf-ae2e-3c331c5148b0,3cad289a-1bfd-4709-9910-f33b6256f0ee,ah_stealthily.tar,/uploads/f320969a-3730-4a95-8d84-773a05a9bf9b.xlw,9882256,application/pdf,2025-09-18 17:18:41.305
17bb85ec-359b-4ce5-8379-eaa91da749a7,13447c77-7f08-40ca-88da-bbee75394b82,ultimate_mortified_unwrap.distz,/uploads/03667a8a-4db6-4484-8dd8-f927d3f80ede.xht,1785579,video/3gpp,2025-09-18 17:20:35.43
193f640c-13b5-4561-84bc-9046c4396b6a,fe2b9b58-d8b4-4b50-8829-26a12acf2192,sight.ear,/uploads/4c539f28-4658-4ba0-a646-0775323c189c.aac,1470688,application/xml,2025-09-18 17:19:39.329
1b14831c-9a5d-4b19-9477-6dde325e55c0,b2623b0b-bb52-47ec-99e9-befc819ea8c3,failing_once.wav,/uploads/61d63877-c8a0-4ae8-92af-1025d0bcbdaa.3gp,4523321,video/3gpp,2025-09-18 17:18:57.523
1da55cb5-6d10-465e-a9b2-127522f39887,9e983dce-7bc6-4b58-a4dd-36009b2ab32c,although.spx,/uploads/d3a513c7-487a-4f2f-ab6d-d5520c75b6cf.ts,7655055,application/vnd.oasis.opendocument.text,2025-09-18 17:20:47.748
20129ee1-ca4d-44ef-9ba1-88449693646e,ac1a0a4a-bccf-4abb-af7e-a8b6723891f7,pish.msm,/uploads/2eadd665-2161-4708-a426-6deae2baeeab.pdf,9266777,text/calendar,2025-09-18 17:16:47.154
211e8e8c-5569-4785-b229-053f4c99a1e1,955407a9-a883-4c83-9d76-0e3205fd9493,unravel.webm,/uploads/92cde20e-fb26-463b-8e54-dc08d3c1d93c.abw,9197615,audio/ogg,2025-09-18 17:15:36.077
21a8478e-0d57-4f5c-8a0f-12502ebd22e0,6c22dbbf-4812-46a1-8479-7ea1768fe5bc,truncate_foretell.csv,/uploads/364d6902-ba0a-4eff-97a9-e8be6cc186da.pkg,9971586,application/x-csh,2025-09-18 17:17:07.756
21c8451c-35f2-4517-8652-711ac568cc44,1daf07bb-e0df-4a0a-a021-7fc64a124cfd,except_duster_collard.elc,/uploads/bb6276ef-056d-436c-8795-e84006f40406.tiff,206311,image/tiff,2025-09-18 17:15:09.577
2262c9a0-3ce4-440a-a4d1-929b0153ed67,1b070005-537f-475d-9c2e-78c372ef26c6,explanation_whoever.m1v,/uploads/ce67d2cb-d834-412f-8356-afb88716d828.tiff,9684079,image/tiff,2025-09-18 17:16:16.03
23db0500-023a-4468-a6e3-6e106d6f0079,4dac3c16-1044-4af1-824f-600f05aa6f6e,across_bongo.iso,/uploads/20e51df5-d85f-4773-8f13-129ffc0c3088.opus,2382106,image/jpeg,2025-09-18 17:14:40.352
258956ab-cb18-4306-bf57-f9f478456bb2,409fcd0f-26ad-4bd8-ba0a-10ef26debac5,married_rainy_grizzled.7z,/uploads/7495510f-db4c-4ccf-9049-5d81475afab1.3gp,2135722,application/vnd.rar,2025-09-18 17:18:15.217
25fb1814-703c-42c2-99fb-cec035287c67,ddaf45e6-eb38-4b6e-ae18-d86c6662dba6,huzzah.spx,/uploads/74245438-7e0e-4fe9-b7d6-fb73470fc5ef.vsd,4689387,font/woff,2025-09-18 17:17:50.753
26f48ebf-d3d6-4a32-b7e7-c49231dd604b,3ad6fd87-1745-4fc5-a4b3-214292355852,which_meanwhile.msm,/uploads/701a2055-f7bb-45dd-b8cc-52601340f2d2.jar,7596073,text/plain,2025-09-18 17:20:07.036
28496dbf-a678-4a76-b71d-503329fa1f09,4b2f3899-ebdb-40af-87f3-c9d505bca57a,kindly.xsl,/uploads/99828910-f85b-4c84-bd66-b61530e7b1c2.msi,1177611,audio/opus,2025-09-18 17:16:37.88
2966e8b2-eb68-4e19-bdc7-f0acbd192826,46facd7e-5370-4496-a419-8ecef8c6e593,console_apropos.odt,/uploads/b75585ce-6e1f-42ae-83f8-f46613e9790d.xlc,183171,audio/3gpp,2025-09-18 17:16:49.191
29ff3c06-fe92-4258-b559-652f739079e2,56644b31-b0a7-41c4-97b9-c996ee550ceb,blissfully_hungrily_the.xlsx,/uploads/82c91b32-05e3-4eb1-8d95-73ab04d4a250.webm,3833074,image/png,2025-09-18 17:20:09.205
2bfe4650-1a96-448c-8da1-2e4d4d298791,1d590c8d-8950-47eb-b6da-863a067bd717,an.midi,/uploads/52f2b796-7ada-4e9f-9830-b46bbe03b9c4.log,8330885,application/epub+zip,2025-09-18 17:17:13.365
2d602871-2e93-425d-a2bf-343d4e6c045f,e22813b6-9860-4a9f-b3ba-5b0c9c56b543,young_savage.iso,/uploads/9cf6a29c-af6f-4129-a2f8-b1b0f55cdee6.svgz,3323465,application/vnd.oasis.opendocument.presentation,2025-09-18 17:20:20.472
2ef4f88c-a7b8-47d1-92a6-1985b4518e03,098dd9b1-5bd7-4b9d-a9dd-8c868b8ed144,bivouac_upward.dump,/uploads/122668c0-c6cd-4ce9-a911-0d0d09e41fe0.so,4769229,application/vnd.mozilla.xul+xml,2025-09-18 17:17:16.317
2f4cedd3-3191-4708-aa65-ed35f02927fd,e3209802-f46d-44c6-b4d1-cdf2e4a4943f,save_save_happily.vsd,/uploads/8eb0c170-67f6-438d-837a-cf88ac765dc1.jar,4704436,application/vnd.openxmlformats-officedocument.wordprocessingml.document,2025-09-18 17:19:26.42
2f5fb020-caa9-4a47-a352-daa000f8978b,c124c43a-ed6c-4d86-adf3-137082eba3ee,turmeric_drat_sick.deb,/uploads/720af917-823e-40cf-9ea1-4e82a0580cfc.odp,3786481,application/vnd.openxmlformats-officedocument.wordprocessingml.document,2025-09-18 17:17:55.576
2fd95101-203f-4d34-b79e-ab41d01cfdb2,4b381f57-f421-466c-b098-2c093e9afd35,glass_smell_knavishly.xls,/uploads/898f36a9-4172-4838-9821-277d8466b5a6.doc,8526927,application/x-freearc,2025-09-18 17:14:29.188
3204ed36-4fba-4d2f-a869-9af7cb5e7a8c,3f707cda-8902-484a-b3e2-131296547f28,notwithstanding_ugh_instead.war,/uploads/76b81a43-c95d-4f52-81a3-a1b76fa75f37.kar,6256915,video/mp2t,2025-09-18 17:16:36.946
320516bc-89f7-4b07-9264-7c216fb85571,d85c3711-b33b-4494-8cd1-9e5dacf66393,gadzooks.zip,/uploads/95d8094e-60d6-4b07-9bf4-9651ebfcaac3.ics,4088564,application/ld+json,2025-09-18 17:20:07.676
32e1a763-fd31-4ea3-b696-0e56d34fb74d,1bb2a729-bd7b-4b95-b344-87a25f21895b,yowza_failing_juicy.xul,/uploads/3379a4a4-6c49-4b8d-807a-5aceac0e4832.rar,5268579,application/vnd.ms-fontobject,2025-09-18 17:18:25.952
3361818a-2d4c-42bf-96f5-5632edc71864,cbd8c849-fcaf-4ccd-8a24-de361a1641a4,er_interesting_well_made.eot,/uploads/674c2018-432f-4cf4-a58a-7080b0bc67f2.text,424220,image/bmp,2025-09-18 17:15:23.279
342155f0-fcc6-4680-9481-c7528845baa8,1faf6f91-3535-406b-85e5-efd17c4a8bdf,yahoo_stealthily.map,/uploads/51174bec-f361-4a5f-ac5c-8d320fe712fe.dot,2737989,font/ttf,2025-09-18 17:19:40.789
36904b71-c605-4ba8-8216-497d5c4f4af3,1daf07bb-e0df-4a0a-a021-7fc64a124cfd,ew_piercing.htm,/uploads/c468fd15-322f-4248-b13e-64b04bca8377.mid,3250910,image/vnd.microsoft.icon,2025-09-18 17:15:09.138
36f6a579-b907-499e-9f72-3b15699386e9,1d590c8d-8950-47eb-b6da-863a067bd717,pitch_and.in,/uploads/e0f00813-c7f3-44a6-8654-3e80b6c975cb.vsw,708653,application/vnd.visio,2025-09-18 17:17:13.105
3705e441-bd13-49c4-8a58-d5f2c51c1738,cc58520b-0b48-4df3-9195-5706fac6f800,carpool_abnormally_yet.m2v,/uploads/d7e5a923-bc1b-47cc-8c59-2d91a835d2b7.jpe,4123357,video/mp2t,2025-09-18 17:16:57.09
37600da8-924b-4a04-8072-c0270711ecbc,2b9cbdbf-d7ec-464c-9b6f-1f061afadee2,generally.lrf,/uploads/ce68d2d9-3c6d-4c79-8123-f43bfb958e29.jpg,887191,application/vnd.oasis.opendocument.text,2025-09-18 17:18:50.243
398633af-3668-464f-9562-9e5b59b5ceb0,18673bab-06bb-4005-baee-cc7c32e3c066,rabbit_oof_than.webm,/uploads/8a0afe68-a45a-46e2-9c70-472401b9fc9c.deb,10110488,application/ld+json,2025-09-18 17:18:52.176
3af37e22-a882-43a5-b056-b6d11c70427e,9829a692-0fa6-40cf-a73f-d38d7ab7fd27,wiggly_since.ogx,/uploads/4e0117fa-d132-49ae-a916-512ec1da3d3e.woff,10219014,application/x-freearc,2025-09-18 17:20:37.804
3d122b13-0dea-41a2-9698-1cdee2c52448,ca1d8bcf-5f28-436a-832c-fcf5ed41edca,frequent_applewood_celebrated.pdf,/uploads/5885d66c-df09-4ad6-88c0-1d6894eb20b2.mpg4,5117937,application/gzip,2025-09-18 17:16:14.569
3db1276a-d98d-40e6-9944-6b28f041cd54,e9fafc64-9887-4a87-b8f8-4cd380db81a5,membership.vst,/uploads/be5bb6be-e80a-44f1-b82a-22c9b8374cd7.text,6847685,application/x-tar,2025-09-18 17:14:35.41
3e5a9338-dd60-45f9-abb0-ed63e2288c1a,b1195c8c-919a-47f4-b6df-a33655f325e3,ply_dragonfly_around.aac,/uploads/71ecfa6a-e41d-435f-a7b0-887d3e7a1847.bin,3074492,audio/3gpp,2025-09-18 17:15:02.99
40b7cabb-e4cd-4e03-a964-ad65ee1176f9,532ccb56-4c7a-40f1-a9dd-2d3da2a685c8,whoever_orderly_yet.json,/uploads/6bdb5643-2796-463f-86d1-15353b096316.ppt,3378886,audio/aac,2025-09-18 17:16:10.928
42f3e49f-fb2f-4882-b5bf-c59e16fdef36,2f572121-ce71-4273-b40e-6ea58261f0bb,hoof_round_excitedly.3gpp,/uploads/fa39e00d-454b-4cdc-aa19-7054002bdf03.elc,268328,application/vnd.openxmlformats-officedocument.presentationml.presentation,2025-09-18 17:15:28.493
440a507b-3d42-4567-a8da-5e9e31f6365f,c1a13ce7-a574-4875-be47-94b4aa0deb87,wonderfully_yahoo_attribute.xht,/uploads/d8db17f4-e9a5-4471-8d42-c070d18cbdbb.webp,2666228,application/msword,2025-09-18 17:16:09.736
4544d75d-140f-4868-a712-bc9529efe47f,c36e6575-e8cc-4e44-8d46-4b46136427c4,dream_wiggly.kar,/uploads/6ff99601-befa-4aa0-be75-f792b6d85404.json,6674509,application/vnd.oasis.opendocument.text,2025-09-18 17:18:19.565
46130b75-dea4-4e65-823e-877a0348cc87,4ff32b08-de36-4b29-a9cb-b7daa47da6c5,clay_nor_confidentiality.img,/uploads/d08fbe3d-037b-4b7b-94c4-0a2bcf8a3a9a.bmp,6667758,application/java-archive,2025-09-18 17:16:21.487
462e553d-ace5-4d53-81f4-31d8a84e5f7a,cf980738-09c6-4cc5-a072-039d583c86bf,tousle_ordinary_justly.xsl,/uploads/74e937cc-47b1-4597-9386-73a11c5cfa7e.json,7368878,application/vnd.openxmlformats-officedocument.presentationml.presentation,2025-09-18 17:16:52.692
46761caf-1c89-4b58-96cf-023da612528d,bdd228df-7c62-430f-8ac0-5561f31b9f18,only_unless_icy.xla,/uploads/4dfb3fe7-4532-4741-a25e-2b0fc0578d9f.tif,2842585,text/calendar,2025-09-18 17:17:35.826
475c77b8-9d1f-49c9-affd-f479151bd204,571026fb-d7b0-464a-9e6b-80117775e823,out.boz,/uploads/835f9109-0267-41bf-aab4-0bac94ad912f.mpkg,8170900,text/css,2025-09-18 17:18:39.707
49a66bad-6028-462c-be7c-e0acbfbbea86,4dac3c16-1044-4af1-824f-600f05aa6f6e,but_likewise_condone.htm,/uploads/ea0233c1-db9c-4502-b722-15277820814f.rmi,4576142,text/css,2025-09-18 17:14:39.821
4ab9bfbd-6e0e-4c43-9bca-3c3ac284f392,78392d55-62fb-4dfe-b679-d930c1a59afd,athwart_instance_well_off.iso,/uploads/8e6d4417-b2b2-4f12-9df0-f180dc7774b2.jpe,4110999,video/mp4,2025-09-18 17:18:46.467
4d9c83b2-06ae-4bdf-8f00-05f93329e379,15e5becb-1864-412c-a187-25f7d67d74a3,pish.map,/uploads/b28e69b9-bec5-4da6-a597-9a9e91ff737f.deb,8418457,application/vnd.oasis.opendocument.spreadsheet,2025-09-18 17:15:07.706
4dd1b926-3603-4fcd-b187-36ec68d1ca56,663bb1b4-31f4-4448-8e17-0e8b59f089db,cottage.css,/uploads/1ae869ca-bb7a-4876-9af5-2122e1e01b39.dmg,3499627,video/webm,2025-09-18 17:15:52.83
4e4155b8-890a-4cb5-9f6d-4e1eeaf34335,4755e408-202e-48d3-9106-30070c5a5997,till_eek_towards.weba,/uploads/538ba2f5-391b-40b1-a71f-e3a27831b207.mar,10172856,application/x-tar,2025-09-18 17:14:47.362
4e4763b0-7fe0-43f5-a040-69af9709fbac,2f572121-ce71-4273-b40e-6ea58261f0bb,uh_huh.xhtml,/uploads/88e089ee-b6dc-4afa-9a17-427c68deeeff.azw,5148805,image/webp,2025-09-18 17:15:28.237
52f31ff1-762d-4c4c-ba2f-a80261b5d5fd,f3f4314e-1a47-4d59-9d05-d58de313d989,pace_triumphantly.xsl,/uploads/2cec4baf-7f65-49fc-82b7-694dbbc01d9d.in,9312611,application/vnd.oasis.opendocument.spreadsheet,2025-09-18 17:14:27.012
5303211b-009e-49af-978d-092fe05bb4ff,6c22dbbf-4812-46a1-8479-7ea1768fe5bc,pattypan_rehear.exe,/uploads/8b3333e6-ce24-479f-bbf9-ced93d724bcd.xlsx,1457624,application/json,2025-09-18 17:17:07.492
5425ad9c-a037-4832-8db1-d6da81ac382f,3a8d730a-8bff-4c10-abb9-3acfdf00dc71,oof_coaxingly_few.wav,/uploads/9d420e72-b1f1-477c-b776-0157dadd5b6d.gif,7628867,application/x-abiword,2025-09-18 17:18:29.79
5730f6c0-bc6a-44d7-a920-2ee4785001c4,fe2b9b58-d8b4-4b50-8829-26a12acf2192,inject_wretched_gee.distz,/uploads/f2359b3b-0e15-4c39-bba5-24799fd6bb80.buffer,9709034,application/vnd.mozilla.xul+xml,2025-09-18 17:19:39.87
576a82eb-faa5-4e18-9ec9-b885729ec35d,c2405689-228a-4962-bfe1-f99eb58d55c1,provided.mpkg,/uploads/fe0490df-5d83-4f14-a251-d2150e727304.ogx,4846550,application/vnd.oasis.opendocument.spreadsheet,2025-09-18 17:17:09.332
5896ecad-ecb0-4131-a061-ee395c07cf85,b674c247-e1c9-4df7-84f7-130bebb2d63c,even_impartial_yippee.xml,/uploads/923478af-d597-4bbd-90f2-1068e7f4a0b7.doc,7320761,audio/aac,2025-09-18 17:20:39.127
5a21ff2e-c3ed-4b9b-9880-d18e198b4122,b1195c8c-919a-47f4-b6df-a33655f325e3,whose_actually.mpe,/uploads/53118d68-9c3b-4a5e-9a34-7f3aad769b2f.jpe,6495664,font/woff2,2025-09-18 17:15:02.437
5aac6e3a-88ee-42f9-893f-6d47fae2d805,532ccb56-4c7a-40f1-a9dd-2d3da2a685c8,bashfully_likewise_phooey.weba,/uploads/7f9d4980-cbae-47ae-99d4-8111db5be65a.mp2,6488712,audio/midi,2025-09-18 17:16:10.384
5b10ee40-f3a0-475e-baa1-cae5d166ddaf,0cdbcc46-ce9e-4e32-af71-3497d4070a85,required_only_upset.exe,/uploads/087bccc7-479b-417a-bcb9-327d7b4949bb.aac,648153,application/x-httpd-php,2025-09-18 17:19:21.498
5b551ce8-02e0-4062-94cb-01660cedb978,29c8f14b-f78a-4b60-9466-bdc4972832b9,alongside_throughout_sow.dll,/uploads/28a95d53-0097-4659-8cdc-d6ddf4f75003.xlt,9533577,video/webm,2025-09-18 17:18:09.959
5b810969-1bf5-418c-90cf-d171d797d5ba,e01d3d0c-9df6-4e65-a456-41d6c1d2c7ec,hovercraft_accountant_meanwhile.xla,/uploads/8dc4f7fb-ad4e-4503-8cfe-4197e2b5d404.vst,3952710,text/javascript,2025-09-18 17:18:27.164
5ce6410d-c784-42a6-b657-418d965576ff,56177343-a6e8-4479-9b34-6748733f1208,feather_whose_worship.webp,/uploads/1a48e6bb-8c4b-4eb0-93fa-fa36974c535c.log,3082100,application/vnd.amazon.ebook,2025-09-18 17:18:43.26
5cefb22c-1ba1-463f-b806-bde2adeb3579,409fcd0f-26ad-4bd8-ba0a-10ef26debac5,oof_upon_yum.kar,/uploads/204b8e52-f6be-46e4-bbd9-7574ddb55af8.otf,8650732,application/vnd.oasis.opendocument.presentation,2025-09-18 17:18:14.877
5d8f3c8e-01f8-490f-a008-d068e2d8477f,ca18d2bf-dee3-452d-9782-71731ac6f8de,glamorous.shtml,/uploads/8e23dfec-b893-4eb6-94dc-f25ac2545faf.webm,9113290,font/otf,2025-09-18 17:15:29.677
5e3a6746-1226-4e30-b4c6-7ddb84a9cf7c,8f6d400e-1988-4843-9d09-99fcb652d327,evil_punctually.jpeg,/uploads/9617bef3-6963-4772-8720-17f701fba321.sh,6899080,application/xml,2025-09-18 17:15:12.756
5e946ad2-d83f-492f-8d82-421ea5e3ff6b,098dd9b1-5bd7-4b9d-a9dd-8c868b8ed144,goad_overemphasize_aboard.webp,/uploads/eeb489ea-5992-4d8b-9b29-729788693de4.xsd,3745333,font/woff2,2025-09-18 17:17:15.781
5f32dc47-70a3-4e63-b17a-4220cfbf0779,8d54bc9b-9c3b-4569-8f99-40729b22f608,generously_generally_zowie.log,/uploads/6169d29c-f817-49f5-b379-dee6f2a1a8cd.epub,7074010,application/x-bzip2,2025-09-18 17:19:05.198
6099dad4-257f-41ec-bf43-e3acf5c4702d,15e5becb-1864-412c-a187-25f7d67d74a3,adventurous_than.webm,/uploads/953d550e-c3d3-4ba9-b9b9-02db546ebf28.xml,9545794,image/avif,2025-09-18 17:15:07.258
62729f01-cb7f-490f-9978-28b2c12b33ea,ac1a0a4a-bccf-4abb-af7e-a8b6723891f7,enigma_yieldingly_quizzically.ogg,/uploads/c0f18cb1-2d40-46e4-a421-289d48ffcc0d.mpkg,636227,image/jpeg,2025-09-18 17:16:46.617
63fcf2e4-fcd6-40f1-8339-e6e353aed7a9,257da166-9449-43fe-b3b5-37f4b435aa50,sequestrate.mpkg,/uploads/e9dea7cf-d0ee-45d0-abee-dc263ecb8ef6.jar,5245615,application/json,2025-09-18 17:16:18.47
647b9dd8-69b1-4d5c-8dcb-1ceca7fe7806,29a9c50e-f2f7-4e6c-8163-be2aea79d877,sane.3gp,/uploads/25c0f692-5862-44de-b9c8-6ba4ec19dba5.xla,8757640,image/jpeg,2025-09-18 17:20:13.519
64916a75-60e7-48a9-b7b4-332a7c0ccb89,532ccb56-4c7a-40f1-a9dd-2d3da2a685c8,certainly_phooey.log,/uploads/d2006ac7-ad79-474c-8651-023661d01aef.ods,5960669,application/vnd.rar,2025-09-18 17:16:10.657
64a59a3d-d5bc-4d65-b7e3-b11832008d5d,e01d3d0c-9df6-4e65-a456-41d6c1d2c7ec,numismatist_deceive.xls,/uploads/71c28c8f-0feb-41d3-919b-0aa6b30ab745.ods,6808435,text/plain,2025-09-18 17:18:26.871
6519211f-848f-41f7-9b83-42ea70a6b92d,06bfdef0-404a-4977-a3b3-f7828a347879,during_furthermore_lay.xlm,/uploads/b706f0a2-ff40-4cbf-b9e4-122f763c086a.kar,2067668,application/x-7z-compressed,2025-09-18 17:16:19.633
65588e58-c221-41ca-b680-f7076f65bbc1,4b381f57-f421-466c-b098-2c093e9afd35,jovially_attend_about.mpg4,/uploads/89e8974f-21e2-4032-a2fc-1553b045cd8c.mpkg,186157,font/woff,2025-09-18 17:14:29.721
66073021-a32e-48d7-b68a-29a84867fb45,0057f33b-7155-493c-86ba-c5a984d19965,as_gah.xlw,/uploads/0e37be33-0fcb-4e7c-b2be-b689736b4525.lrf,4564399,text/html,2025-09-18 17:16:34.059
67819e73-6931-4f29-850c-5ce65040f612,97d371cf-a5ce-4f93-9367-45a97cdff4d0,pet_succeed_justly.xht,/uploads/1a02a185-c4c3-4d7b-a4d7-b475e1a4e6de.gz,10478229,text/plain,2025-09-18 17:19:59.016
686edb0f-7f3a-43c7-8e2a-eeb012517ddc,aab45cf8-cc73-44b2-93f9-711b46b4649f,oof_quaintly_raffle.dll,/uploads/f18a1692-7381-470f-89d4-78e44420f0c2.jsonld,1480103,application/vnd.openxmlformats-officedocument.presentationml.presentation,2025-09-18 17:18:04.044
68cbb9c2-0ac0-4410-bd12-5a1cee15a922,c2405689-228a-4962-bfe1-f99eb58d55c1,silently_abnormally_curry.zip,/uploads/286937c6-bfc9-4ef7-b5da-6f7ce4b38e9c.xla,7039993,application/vnd.openxmlformats-officedocument.presentationml.presentation,2025-09-18 17:17:09.605
68f20403-e1f1-431f-83bc-e55cca879802,06bfdef0-404a-4977-a3b3-f7828a347879,certainly_truncate.vsd,/uploads/a3b48f14-1dfb-4b36-81d9-2b3839d0b30d.json,5038571,video/3gpp2,2025-09-18 17:16:19.362
6a2a6f00-c7a2-45d8-afcd-e60dc4a36048,52256044-65fb-45b5-8f62-1e74317b2fff,detour.jsonld,/uploads/af11bc74-fe16-4d43-86c2-457e5e5ac1aa.msm,1853789,audio/webm,2025-09-18 17:20:33.208
6b926f4d-e2b2-4a51-8e39-ba0f2cf1983c,191cfd4b-d89a-4693-9b80-9b879bafefbd,miserably_tinderbox_whereas.shtml,/uploads/0c7deb65-2776-4c33-be0c-2daf0034e8cd.xla,7302959,text/javascript,2025-09-18 17:17:46.716
6bba71b5-7858-4ce2-8e56-c16b077dc35a,b212686d-9db2-41d4-9ab9-fa3e932f5d23,lest.dot,/uploads/738ccf4e-3a68-49c3-a22f-4951cec24e46.vsd,4038743,application/vnd.rar,2025-09-18 17:17:29.503
6c0049a5-5c4f-4d61-8630-0a29962a0255,452135fb-4774-4004-b0b9-b441c77a7a31,onto.3g2,/uploads/a145133f-ba00-4850-baa1-a4430af84cfb.woff,8911965,image/bmp,2025-09-18 17:16:29.763
6c5560d3-fc52-48f6-bc63-146e65e8c6e7,58f71e15-850c-43c3-95b9-52f90d8cb1b0,finally_equally_forenenst.list,/uploads/f6bd5a84-407c-446a-b6e2-f580e73d9676.mpg4,6586750,application/msword,2025-09-18 17:17:22.732
6cd3de2f-a09e-4335-907f-241b73c5a830,d85c3711-b33b-4494-8cd1-9e5dacf66393,boohoo_kooky_what.text,/uploads/6f34bd34-76c5-44cc-acf4-5123de81cfa9.ttf,4139579,application/vnd.openxmlformats-officedocument.wordprocessingml.document,2025-09-18 17:20:07.933
6e4a5755-0474-46da-8b95-616a7276131c,4dac3c16-1044-4af1-824f-600f05aa6f6e,unto_in_off.xsl,/uploads/3255d5f4-0f02-4600-8a7f-5f3fc8c97e29.list,5784088,application/x-freearc,2025-09-18 17:14:40.08
7033f57e-3d45-4568-ac8d-0cd89d941672,97d371cf-a5ce-4f93-9367-45a97cdff4d0,cupola_once.gz,/uploads/3102c771-bdc6-4c0a-a8aa-39985ef4f96f.xlm,9855485,audio/webm,2025-09-18 17:19:58.752
715be535-e142-48e1-9aa3-8cfc1adefd30,9e983dce-7bc6-4b58-a4dd-36009b2ab32c,segment_prise_viciously.webm,/uploads/6a6f6464-96fc-4890-9994-b3c8ae1d076d.vst,9270199,audio/wav,2025-09-18 17:20:48.075
7332ac68-473f-4f60-8212-9c3966493b20,055d0c1a-17f4-42ef-944a-ae278d23fa9d,crooked.arc,/uploads/0f5111b7-ab78-46d3-986a-5aae630c0360.dist,8296985,font/woff,2025-09-18 17:17:24.855
751d3c0f-bce5-4460-a344-5aaaf94964e9,69b0b9e4-09e0-464b-9e42-2b331f76df50,yieldingly_persimmon_nocturnal.xul,/uploads/417fd540-bf90-4676-bf8c-e5fbe6f419da.dll,5640489,application/vnd.amazon.ebook,2025-09-18 17:18:31.838
774286b5-609f-42a0-88c7-8755ad4a579e,0dad66cf-bed1-4765-8e92-a2181c767919,optimistically_under_balalaika.ico,/uploads/74448ee6-b22e-4b14-89ab-a198ea9deade.xhtml,8378225,application/x-bzip,2025-09-18 17:14:32.696
7764a458-a680-44d4-8dd6-a9983c3ad164,b2623b0b-bb52-47ec-99e9-befc819ea8c3,hmph.dist,/uploads/1a708064-abf4-47ad-8e67-4b8e4e98d934.aac,7910553,application/ld+json,2025-09-18 17:18:57.791
77aa7806-b053-46b6-9183-2a5d2f15e97b,2ec0abe9-42ed-4817-8d34-8df5559dad65,towards_acidic_caption.jar,/uploads/39b5fc6c-db7d-4542-b96b-1bdd7b1be188.ogg,5749259,image/avif,2025-09-18 17:14:24.298
78737f9e-c4ba-447a-94b7-269d7fcce57b,97ad30e5-542c-4cfd-8c47-c48c0fd36eaf,embed_poke_positively.pkg,/uploads/cea4b356-6090-4619-b3a0-0956f5aa50fa.ttf,2939166,image/png,2025-09-18 17:16:11.912
787d9a4c-a1de-4085-8e12-d11f09094e06,8f6d400e-1988-4843-9d09-99fcb652d327,fantastic.m1v,/uploads/43965ae3-9073-454e-bdb3-c5fdced66cda.odt,3531395,audio/mpeg,2025-09-18 17:15:12.378
7935cfd5-3ee9-450f-a252-5f74b8fe4c6b,dba10c61-166d-41e9-af4d-4eaf7cbfb353,french_plough_swift.jar,/uploads/7a762fc2-79a3-48a4-a223-99f77c0b9615.css,2934828,application/vnd.amazon.ebook,2025-09-18 17:14:52.853
7a09e3a6-0b79-45bf-8e22-3fca80142aa8,45ccf848-7b79-4941-8bd8-6d9014b5e905,optimistically_anenst.dms,/uploads/30d7333a-7c9a-498a-b35e-d6f7f262ba97.ttf,9841591,text/css,2025-09-18 17:16:43.473
7bbbe730-3a76-44ec-8daf-e16052284196,df6235f2-713f-4fe0-a832-d298c946180c,adventurously_scarcely.zip,/uploads/52d93aba-5086-4a70-bae4-03c8a0a2650a.buffer,4206647,application/vnd.ms-fontobject,2025-09-18 17:16:53.971
80533e95-9593-4a48-926a-8c2f2a114d02,81c8c758-63f4-4a64-a0e4-a130c5f15a75,athwart_annually.htm,/uploads/be2fc986-f28d-4e14-b226-b3146d156f5d.deb,7303335,application/vnd.ms-powerpoint,2025-09-18 17:14:26.115
8360ef89-b2e0-4b1e-8393-b44deb9e7bd0,c32fb7bd-105b-45ac-af05-14563500d378,tensely_pro.deb,/uploads/ab9881c1-3b0c-4882-a236-8cd5f13117c4.vss,7930906,application/x-7z-compressed,2025-09-18 17:18:47.115
8395d46e-0be7-4e38-8f45-6a72ef1a4868,31b0c2bf-843d-4aad-a9b2-b991837c4335,concerning_turbulent.json,/uploads/d8889ea3-aca9-4c44-a9ab-1367a9173ed5.ogv,6608563,text/calendar,2025-09-18 17:14:41.978
83a87e39-ec5a-4750-a4de-3fc0c2c9cd31,b212686d-9db2-41d4-9ab9-fa3e932f5d23,unnecessarily.mpg,/uploads/5b520e4b-d04b-4c4e-a34b-d9ccb54e0db9.woff2,2171086,audio/ogg,2025-09-18 17:17:28.977
847db757-8df9-4b75-909f-94fd64d2a404,6e8f0a93-6576-41ea-922c-91ad5a9c2e3e,quieten_behalf.webm,/uploads/929f7530-5b32-49a8-90f2-6cfa96c8646d.mar,912574,image/gif,2025-09-18 17:15:27.077
87620fa2-7496-4ef9-8dac-afd397bd6061,191cfd4b-d89a-4693-9b80-9b879bafefbd,heal_pish.xsl,/uploads/2c46d4d5-ccef-4d47-a9b2-6ad8c72a655a.odp,8950514,audio/aac,2025-09-18 17:17:46.436
87b61808-29b1-486b-b7d6-a4cb5de6f2df,ed49eba0-fb25-42ea-8fc1-4cf82b3fcc00,drat.vst,/uploads/20f1999d-bc64-4716-a2c7-e10651ac231c.odp,7888795,application/x-bzip2,2025-09-18 17:15:17.94
887913d1-d273-44f2-aa74-df97ed9fa561,b2623b0b-bb52-47ec-99e9-befc819ea8c3,once_astonishing_barring.svg,/uploads/07695b09-aeb7-45ef-81ef-80e76c72878b.sh,5973167,application/vnd.ms-excel,2025-09-18 17:18:57.226
887d9718-f107-40bf-b68c-f64de5fc2811,41767f0e-366f-478b-b750-dd1292406fae,sugary_and.webm,/uploads/04fb662b-a887-418e-a68e-d6f270663461.tar,6679883,font/woff2,2025-09-18 17:15:42.564
89e1c337-5fd6-4c7a-bd14-4a05106eac70,56644b31-b0a7-41c4-97b9-c996ee550ceb,knavishly.pot,/uploads/24d38d29-dbea-4c6b-b15c-767838cb5f66.svgz,6431135,video/3gpp,2025-09-18 17:20:09.467
8af3fdab-bbb4-4d9a-a37e-b4b08f7ab5f9,e3209802-f46d-44c6-b4d1-cdf2e4a4943f,ugh_woot.webm,/uploads/4d099bf6-819a-4cf7-b7dc-2932c54b8b09.rng,5857268,audio/midi,2025-09-18 17:19:26.155
8ba100bc-0640-4f9d-a316-d2a378330945,23e16941-6294-4dc8-a20d-bb648f8f3888,presidency_geez.map,/uploads/60d02b41-e324-4e2a-8599-0f0bc1db9f42.deb,7125970,audio/wav,2025-09-18 17:16:40.815
8c055946-9ca4-4804-97d3-a282d2366a39,aba41d7f-94e7-4743-a28b-9b4cfecc95b2,lovingly_backpack.mp4v,/uploads/eff768c9-df3b-4c4f-b7f2-8224eff5c7a4.pptx,2752387,application/vnd.visio,2025-09-18 17:14:37.899
8c5bfe77-0656-49cd-b5a5-90090030b5c5,cfc882d7-b282-486b-89b7-dbcfd0d47238,blah.arc,/uploads/5717bc84-8587-4e25-8656-066a9a9e56eb.js,2560070,audio/webm,2025-09-18 17:19:42.53
8d20d218-f1c1-4ac7-886e-7cf66c1636f7,3ffe2f50-ab8a-47fe-ab4c-24d66921917f,round_aboard_unless.odt,/uploads/58bd2cce-ecce-41c3-a122-1f0e07d01e47.css,9189910,video/3gpp,2025-09-18 17:17:05.486
8d20fb11-1d72-488e-8712-4e3d198acd14,3ffe2f50-ab8a-47fe-ab4c-24d66921917f,er_tepid_emotional.dll,/uploads/1c010f5e-16f8-487c-a1bc-1f5787f6c682.3g2,7662617,text/css,2025-09-18 17:17:04.956
8f841c12-01bb-4774-a329-df0e8ec0f367,31b0c2bf-843d-4aad-a9b2-b991837c4335,picnic_helpful_via.xht,/uploads/4b239429-5b65-4092-9dfa-cc4b0ce4af31.xlm,3674159,font/ttf,2025-09-18 17:14:41.712
8fa3e4b8-43f1-44e6-a930-fbb86f7ac349,0f327456-b4d5-41f1-ad1c-9d38e409c669,gee_consequently.vss,/uploads/22e16223-f000-47ba-8cee-7f7d2ce70dc2.mpkg,6913131,image/bmp,2025-09-18 17:16:27.494
8ffb14df-a269-4d5a-b856-3c9d018b96ca,81c8c758-63f4-4a64-a0e4-a130c5f15a75,overemphasize_long_vent.htm,/uploads/fcb67c05-5ae7-490f-a06e-691923ace202.pdf,10444599,image/tiff,2025-09-18 17:14:25.84
917a8635-1718-47a7-957e-780d4de0ac65,27fc3d89-3253-4f99-9aa1-93b75738c091,strictly_yet.json,/uploads/e7beca38-2f26-4f61-b843-71721366c5e7.opus,8362473,application/x-freearc,2025-09-18 17:19:59.648
928fdbc3-3c6c-40c2-b0e8-1a40e8be930e,f8aff172-b28b-47fa-b572-d298d4cb2bbc,incidentally.spx,/uploads/2504c0c9-4250-4b40-a015-fd743ddf2071.mp2a,5182920,application/x-freearc,2025-09-18 17:17:54.384
929f7b20-8cb7-4bdf-8d78-4b5f5a2a3ad1,97ad30e5-542c-4cfd-8c47-c48c0fd36eaf,winged.xls,/uploads/2f430525-96e1-48ef-a451-f326ebc69c69.dmg,3263682,image/tiff,2025-09-18 17:16:12.165
93c2ee81-1161-4b0b-b568-fb5d99dda7a1,2acc9316-e4a0-4938-a1b6-10362bcdaa21,madden_boo_continually.shtml,/uploads/43f0a030-02f6-4910-a407-0cc79a71081c.m2v,1497179,video/ogg,2025-09-18 17:15:46.467
93e6d460-ee33-46cf-8c8d-4845f8511583,e518d322-d5b4-464d-9f7e-31fdfe589d7e,voyage_empathize.ico,/uploads/4294d72c-2854-40e9-b90f-b4891dc1d3a0.png,2887917,audio/webm,2025-09-18 17:19:44.705
9435b8b2-fb08-43e1-a866-b0a6a79d052a,97ad30e5-542c-4cfd-8c47-c48c0fd36eaf,abnormally_sans_boo.xsl,/uploads/ca6af130-87b8-4d0c-b5ed-b36bdc8bc76a.mjs,191180,text/calendar,2025-09-18 17:16:12.434
9467bfac-3d35-4def-a19a-80935cc0fd3b,798bda5f-7e78-4b43-83c1-f7cd5b2c06a9,concerning_boatload_before.mp2,/uploads/f0f2b99f-c3e1-463f-a6e8-a7bd619d5013.svg,8990160,application/vnd.visio,2025-09-18 17:15:18.82
9524d850-d1df-40f5-90f1-d786d933f770,3e27283a-d61e-49d7-87c6-e71aa046e4bb,after.deb,/uploads/d4f79fdc-ee35-4967-ab63-417529c11ad5.tif,8934495,application/vnd.openxmlformats-officedocument.presentationml.presentation,2025-09-18 17:20:33.862
96a690c0-3934-45c9-84c3-d41b705658f4,c124c43a-ed6c-4d86-adf3-137082eba3ee,reassuringly_suspiciously.mjs,/uploads/507b3755-5fa7-4dc3-b1b1-a8cb703e1f0e.m2v,3156765,video/x-msvideo,2025-09-18 17:17:55.289
97f9bd10-5fbd-46c3-b71c-f0a48c9c85b0,3ffe2f50-ab8a-47fe-ab4c-24d66921917f,how_for.xsd,/uploads/4c0b0d16-ff48-4aef-82b1-37138ba633d1.ttf,1924390,video/mpeg,2025-09-18 17:17:05.229
98d17655-5c40-4ef5-b2c9-ef89531420c4,df6235f2-713f-4fe0-a832-d298c946180c,stealthily_queasily.avif,/uploads/2910e8fb-2823-4e84-ba30-93ae3dfe7308.rar,6154630,video/3gpp2,2025-09-18 17:16:53.69
990165be-54c4-46bc-ba15-b64152c7dc83,29c8f14b-f78a-4b60-9466-bdc4972832b9,whoosh.xht,/uploads/2f196f38-e62c-44b2-a849-733375c8097e.mp3,1573171,font/woff2,2025-09-18 17:18:10.236
9930313e-f5b7-4249-89b6-6489312c0d5e,f3f4314e-1a47-4d59-9d05-d58de313d989,even.mjs,/uploads/a73f8a38-e95b-4aea-9a4e-578e423332c6.log,4467574,audio/mpeg,2025-09-18 17:14:27.281
994519b2-5045-4c22-b35e-5ecebab420e0,798bda5f-7e78-4b43-83c1-f7cd5b2c06a9,abaft_because_differential.xht,/uploads/0de4b469-646a-4cbd-b5b5-7975edb2d5db.mp4v,1624102,font/otf,2025-09-18 17:15:18.559
9a7e3895-09f7-4b5b-a0f8-f6f2f84ebefe,5ae4eac6-f0f6-4232-b4f8-40b6045baa71,ew.m2v,/uploads/8f2809bd-4179-4894-be1b-f5b367f83fdb.m3a,1047173,application/vnd.ms-powerpoint,2025-09-18 17:20:46.759
9aea4198-f66f-4592-98c8-290d0987a4c5,2657d346-8d87-4946-9559-b9de1ccc5b03,round_given.log,/uploads/25fb530b-e5ae-4de8-971b-34692e0a01c2.in,6002401,audio/wav,2025-09-18 17:17:41.277
9bc5a396-8d5a-485d-95a5-8df5f4e45efb,2b9cbdbf-d7ec-464c-9b6f-1f061afadee2,gosh_oh.mpg,/uploads/9983f7bf-981f-43c0-8039-2d175b406498.war,4268546,video/webm,2025-09-18 17:18:49.974
9ca16766-5893-4938-8e6e-fd5d2b6e9a88,594dc44d-da0c-4c0b-8147-2cbb69ef2c59,famous_coarse_restaurant.html,/uploads/73a60c11-4ddb-4b22-a969-22f995305d51.lrf,9639695,application/ld+json,2025-09-18 17:16:33.171
9d27101d-a17f-486c-98fe-a824157487b9,098dd9b1-5bd7-4b9d-a9dd-8c868b8ed144,worse_amid_absent.shtml,/uploads/5d23d892-c15d-4b22-a7a1-99a048037a0d.jar,2833302,text/plain,2025-09-18 17:17:16.056
9d433cef-7aef-43cf-98c5-1ced60a5b722,2acc9316-e4a0-4938-a1b6-10362bcdaa21,meanwhile_focused.otf,/uploads/ecb2aeab-6330-4d32-954d-5515332c428f.vss,7484493,application/x-abiword,2025-09-18 17:15:45.928
9d5aa0e1-3985-42bb-83bb-22abbdf40770,2acc9316-e4a0-4938-a1b6-10362bcdaa21,helpless_aha_chauffeur.gz,/uploads/97fc9938-7a0b-4391-acb2-8d6e1daa7335.pptx,5992331,image/gif,2025-09-18 17:15:46.208
9e92beff-25cf-4930-bfae-9fb250fc55e3,288d3dd9-34bb-4bc0-8e86-9edaa8d37ebf,giving.bmp,/uploads/404b6154-c528-457b-b854-4cfa09eb18c6.mp2a,6997995,video/3gpp2,2025-09-18 17:16:01.27
a009f793-d075-48b7-94eb-6aa3af0a1559,1626ff7e-20c7-4e88-93d0-523d07ae83d0,per.jsonld,/uploads/3be7145d-3a5c-492a-9ea5-3b3a5714ffb6.msp,9630037,video/mpeg,2025-09-18 17:19:36.308
a050da2d-cb5e-4df7-82f9-1d5998d10df8,ac1a0a4a-bccf-4abb-af7e-a8b6723891f7,repurpose_prize_feeling.vst,/uploads/80d5b42c-eaaf-499b-859a-84528eeecd75.xlc,4720822,application/vnd.ms-excel,2025-09-18 17:16:46.875
a0b0039b-d6c1-4159-9523-b6de47b41aba,e01d3d0c-9df6-4e65-a456-41d6c1d2c7ec,pace_offensively.xht,/uploads/ed16d6ee-22ae-4694-9987-48c62ebb0033.iso,1726623,text/css,2025-09-18 17:18:26.585
a1612c18-bfdc-45b7-afe9-81526dc3297e,5fdea815-5a87-49b3-a308-9fb13a880dfb,sharply_for.odt,/uploads/460c8b79-be7f-4d68-b2b1-5d40f3d4cbce.mpkg,6538425,application/java-archive,2025-09-18 17:19:23.949
a1f3da55-9463-4aa2-960e-84ad63414720,1f7da04e-ee30-4cee-b421-61576b33b047,before_coaxingly.pot,/uploads/9ef687a7-94b5-4d97-867f-3260c6157761.odp,1482235,application/x-abiword,2025-09-18 17:19:17.703
a27e1ecd-ae3f-44a7-9935-894dab8d10da,3f707cda-8902-484a-b3e2-131296547f28,strain_computer_likewise.doc,/uploads/22859f8f-69a1-4f64-9fbd-da3f100078c4.odt,5394941,application/epub+zip,2025-09-18 17:16:36.691
a3e2454c-f569-43de-b3bc-78480fd52de1,0dad66cf-bed1-4765-8e92-a2181c767919,ferment_haw.rar,/uploads/e04e5cb6-0a92-4791-996c-787b8af3e33b.xlc,2238145,video/3gpp2,2025-09-18 17:14:32.145
a4e025f8-fd9e-4ce4-b523-d33830287e8b,f1739270-cd85-43db-b02c-f14941a9c5ca,depersonalize.xls,/uploads/01016c1e-e375-4422-bf23-87b5187cb5f7.mpg,6968420,audio/mpeg,2025-09-18 17:17:04.013
a678688e-b03a-457c-a47a-3f98fae4a082,5fdea815-5a87-49b3-a308-9fb13a880dfb,categorize_tomorrow_because.ico,/uploads/6af36cf3-b367-4f14-83b1-900e320abb52.boz,6304035,audio/3gpp2,2025-09-18 17:19:24.212
a7f51f22-064d-4fd7-ab80-5e54fa0eb8d8,4b97c1cd-4c45-41c1-8049-174c6906be5d,found.gz,/uploads/0b942927-4d86-4e2a-904d-335cc45cebe6.mpe,10445701,application/vnd.openxmlformats-officedocument.wordprocessingml.document,2025-09-18 17:17:30.776
a8dfb8a2-fa08-4ec0-8c93-dd4b06e5e2ac,6e8f0a93-6576-41ea-922c-91ad5a9c2e3e,rush.jpe,/uploads/221aaa8b-e397-40a8-9847-118ffe880fda.tiff,4330634,application/vnd.ms-excel,2025-09-18 17:15:26.561
a9a5ef38-85b8-4f80-96ca-d928e23cf820,d53164e9-6f85-4477-a098-1b65c5d5c486,well_groomed.map,/uploads/98867b06-bfb8-4712-a837-382be19bd624.log,9773068,application/epub+zip,2025-09-18 17:16:59.829
aa0693b7-be12-4062-ad44-ff7ce21feab5,8216d859-0696-4e52-a67e-ed9595728c04,looks_throughout_composed.map,/uploads/51a120ff-ffe6-4b04-876c-c46fc88cfd6e.mp2a,7681043,video/webm,2025-09-18 17:17:42.272
aa833325-fb1c-4dea-ab54-f08362719b9f,b1364195-f80d-4ca5-beeb-ac2bef9b7355,unbearably_co_producer_whereas.m2a,/uploads/5e4f33c3-3787-4c13-a208-1cfea724a87f.mp4,2564111,image/gif,2025-09-18 17:19:19.531
ab992abe-17aa-4571-864f-1e91eb79e993,191cfd4b-d89a-4693-9b80-9b879bafefbd,mid_but.conf,/uploads/c3ed7dd9-60c4-4aed-a5f1-54692f29b5a0.ogx,4769983,application/vnd.oasis.opendocument.spreadsheet,2025-09-18 17:17:46.174
acbc3131-90ad-412c-b42f-f7dea1b8d517,f9297d47-6062-4d24-858a-1b7200d037e5,lest_gee.iso,/uploads/313a6ff6-c8e7-45a0-8377-7dc6953c3ef3.ppt,9259818,application/x-httpd-php,2025-09-18 17:20:00.851
adc7dbda-51cb-4549-b6c1-15abd48025a8,1251b957-ec92-4c47-b85a-39bfaeee0514,than.3gp,/uploads/e822ade4-96e0-4a41-a36d-7aec6f57b9fb.tif,9568208,audio/wav,2025-09-18 17:18:15.847
aed9e077-521a-427e-b089-081f4e28b947,3a8d730a-8bff-4c10-abb9-3acfdf00dc71,periodic_regarding.css,/uploads/811bdc12-6a89-4067-8645-04a1555f021e.xlsx,7412177,application/vnd.apple.installer+xml,2025-09-18 17:18:29.214
aeda41fd-de48-42db-b1f9-f4ad9713caf4,1faf6f91-3535-406b-85e5-efd17c4a8bdf,newsletter_jog.in,/uploads/a0d6cefc-88c1-4fdf-a91f-55aef1da83d8.odt,34791,video/3gpp2,2025-09-18 17:19:41.055
b09e3397-6260-4fd5-a9df-a1082a128f51,3e27283a-d61e-49d7-87c6-e71aa046e4bb,whenever.shtml,/uploads/744d37d2-9eea-494a-96d8-bfb09ec3a283.pptx,8329986,application/x-bzip2,2025-09-18 17:20:34.141
b0d32c1a-a333-40ff-8611-62f6ec3e5a36,9829a692-0fa6-40cf-a73f-d38d7ab7fd27,since_stir.dll,/uploads/90b91fbb-afa3-4cd7-8a6d-0049497297dc.dist,3924603,video/3gpp2,2025-09-18 17:20:37.27
b19efe22-c9d0-41bb-894e-eb016934cc3e,0057f33b-7155-493c-86ba-c5a984d19965,armor.deploy,/uploads/e2b108d7-b5cb-4fec-b496-2de30c0448ae.xht,9707104,image/bmp,2025-09-18 17:16:33.796
b207128c-2125-469a-a9da-de6c13a84333,76a7d29d-bede-4e03-99b9-de8aa3104b76,comics_splice_consequently.avif,/uploads/d8c36782-7143-423e-8e73-da2391a9a2ba.bmp,9545112,application/vnd.mozilla.xul+xml,2025-09-18 17:17:52.709
b36c9f08-3b6c-449d-af0a-bc4417b85846,ca1d8bcf-5f28-436a-832c-fcf5ed41edca,yuck_excluding_pish.msi,/uploads/503b0366-e76a-4c05-b0af-b0d3903836d4.opus,3548628,video/3gpp,2025-09-18 17:16:14.051
b394f50c-b083-4763-b91c-e6a6a0845e21,ce90bb6a-3e1d-4041-bf4f-92fa4a7d8768,longingly.sh,/uploads/47bbbefe-c378-4240-b3be-8b14a1cf53b6.tiff,4065374,text/css,2025-09-18 17:15:55.18
b45ddd03-4e08-4191-bcfe-19b40bf90dbe,64bfaa64-e2f9-4ab0-b098-67c7b8840bed,before.so,/uploads/23308b66-9786-4183-bf62-8f42a752ca59.xla,9363333,audio/webm,2025-09-18 17:16:00.611
b465eada-4e4d-482a-b483-6247f40c1f9c,006907d0-9524-4539-b626-ba39cf938051,punctually_regarding_drat.ogg,/uploads/bd5337fe-9290-4106-83d2-8dfedb23752f.eot,1271859,application/json,2025-09-18 17:19:10.721
b731090b-4b8c-4e88-beab-8acd95b6ea80,4b97c1cd-4c45-41c1-8049-174c6906be5d,blah_phooey.rar,/uploads/13591b5b-9135-4f09-a0c4-cda35869d8ce.map,1951353,application/vnd.oasis.opendocument.spreadsheet,2025-09-18 17:17:30.502
b89f11b4-39bf-454e-b310-98f21149891b,e9fafc64-9887-4a87-b8f8-4cd380db81a5,weary_whoa.weba,/uploads/8445067f-71ce-4128-a49e-50c799b20e5c.war,9407993,application/gzip,2025-09-18 17:14:35.708
b910871d-4e3f-4838-bda1-2749ae22f13c,2ec0abe9-42ed-4817-8d34-8df5559dad65,shyly.mpg4,/uploads/925f2d50-7bf8-4c19-aba1-7bbc32e53d45.vst,8192346,application/epub+zip,2025-09-18 17:14:24.566
ba4e3d31-e54b-44a7-a453-35c0dced1e81,0f327456-b4d5-41f1-ad1c-9d38e409c669,who_pronounce_above.wav,/uploads/d683f350-cedb-4593-9133-80a34d7209ec.lrf,9385817,application/vnd.oasis.opendocument.text,2025-09-18 17:16:27.235
ba68fd38-6f48-4c28-a5b8-8553278f9a9e,fe2b9b58-d8b4-4b50-8829-26a12acf2192,denounce.pkg,/uploads/a23b6a8b-26f8-4bef-b8b0-8cc42519f91b.ods,5892915,image/jpeg,2025-09-18 17:19:39.6
bacd6571-08ac-469c-a93a-94af1bca7c3b,fb9b5eaf-1101-47f4-874a-449328a1be9e,paper_coaxingly_hastily.ogv,/uploads/085aeb08-4ed6-4ff2-9dd3-cfad41175a2c.midi,6061379,video/3gpp2,2025-09-18 17:16:24.7
bb1160da-1767-4aa0-b48e-89b1f122f39f,dba10c61-166d-41e9-af4d-4eaf7cbfb353,yahoo_worth_how.dmg,/uploads/6163003b-c534-4783-8509-593cf288adab.weba,9306859,application/vnd.openxmlformats-officedocument.spreadsheetml.sheet,2025-09-18 17:14:53.122
bb59ae5a-be3e-4654-9ece-48242a0a98b8,3f707cda-8902-484a-b3e2-131296547f28,why.mpg4,/uploads/19e6d4b2-9b79-4a79-a5ca-679de3dd3b34.tif,4087883,font/ttf,2025-09-18 17:16:36.429
bb967d0e-5826-4eb2-b218-be5a58152b24,77fd128d-89f3-4e9f-8c0b-a95a77439549,poem_after.mjs,/uploads/8462d755-ca02-4339-bf70-8968317fcd32.mpg,7455946,application/vnd.amazon.ebook,2025-09-18 17:16:40.176
bbf28802-b6a3-44fc-92cc-be698c32a363,8bc0c035-04b2-46d2-8907-2958d994682f,wisely.wav,/uploads/c1df2085-996b-4dee-8e0a-12e87d2f6fce.3gp,3198187,text/plain,2025-09-18 17:19:27.691
bfb25dd5-7bbd-465d-b68c-398fd322d63a,3a8d730a-8bff-4c10-abb9-3acfdf00dc71,crossly.bz2,/uploads/f8d2a902-f978-447a-9bf4-ecde22997552.css,5383509,text/csv,2025-09-18 17:18:29.498
bfb9b934-c960-49c1-b64b-43583c474e18,240ebad0-a501-4798-8522-a1a5a3282c89,in_zany_worldly.distz,/uploads/a2080efa-2c7a-4505-a268-34cb3b7bee8f.mp2,3309782,application/x-httpd-php,2025-09-18 17:20:12.075
c2bd2252-6eb3-47f7-97bd-e48118f2578f,055d0c1a-17f4-42ef-944a-ae278d23fa9d,eek.list,/uploads/fb240ad3-7fc4-495c-8600-84521615dd9c.lrf,7451470,application/vnd.apple.installer+xml,2025-09-18 17:17:24.314
c41c025b-59d5-4694-80a1-4e3ea9616c55,4755e408-202e-48d3-9106-30070c5a5997,autowind_in_politely.vsd,/uploads/7fb4c537-06f3-4a82-b0b4-eefcc449cd72.ts,5600306,audio/webm,2025-09-18 17:14:47.087
c53322d2-ab12-4468-93f0-65e40a6fb1f8,0057f33b-7155-493c-86ba-c5a984d19965,unless_fantastic.mjs,/uploads/4402c69a-bd1c-4947-a586-1f6180101507.so,4211630,video/ogg,2025-09-18 17:16:34.324
c5484f9e-41af-4860-9b21-652dcd942f3c,aba41d7f-94e7-4743-a28b-9b4cfecc95b2,fervently_marketer.avif,/uploads/6e1514d1-71ea-4d6f-b01d-bc894ed595da.otf,5668612,audio/3gpp2,2025-09-18 17:14:37.635
c6143d40-ea17-47a1-ace6-6471beb941a7,0cdbcc46-ce9e-4e32-af71-3497d4070a85,cartoon_mostly.so,/uploads/20a60474-6ec6-4de7-a85a-7bb7305811a8.js,8146890,application/vnd.visio,2025-09-18 17:19:21.771
c73470b9-baa6-4c01-ab67-26def4fa9f12,ca18d2bf-dee3-452d-9782-71731ac6f8de,quizzically_which.xlc,/uploads/6503e371-768f-4c9c-962c-a12505ddde28.xhtml,8605133,application/vnd.apple.installer+xml,2025-09-18 17:15:29.132
c7c86b13-35d7-47bd-bdc0-159b522dff9a,52256044-65fb-45b5-8f62-1e74317b2fff,quixotic_until_petitioner.odt,/uploads/762e742f-9f0f-41b9-9afc-ee9c6afcea19.xlw,4022528,audio/aac,2025-09-18 17:20:32.659
c7d3052e-547a-4a6e-91c1-ad03b2934d79,c450ad52-c156-4b25-9f5a-5c026a586420,disregard_hm.xul,/uploads/48a86cd8-6ea9-4a9e-8b24-626859836ce3.bz,10299208,video/3gpp2,2025-09-18 17:18:13.594
ca0620b1-8aae-46fc-8dcc-c8cbe853f68b,8673cae7-a297-4608-b12e-ea9dcc3319b3,curtain_considering.deploy,/uploads/34281de6-cd25-407c-93cc-bd40a4816eb8.text,855240,application/vnd.amazon.ebook,2025-09-18 17:17:39.817
cbb2fed8-19c8-48e8-b66c-9835fcce42c9,051a2ab2-1ce3-47b7-9078-6034d3f95ddf,whether_conservative.3g2,/uploads/64ea5383-8814-4855-b981-1b80e76aa67c.jpe,7583533,application/x-tar,2025-09-18 17:20:14.435
cd1b034b-3ffa-4c22-85ce-774958916129,4ff32b08-de36-4b29-a9cb-b7daa47da6c5,aha_across.wav,/uploads/c6d86cb7-d56b-4383-adc9-806c9d77372e.gz,6017127,application/vnd.openxmlformats-officedocument.spreadsheetml.sheet,2025-09-18 17:16:21.227
cd309a78-becc-40b7-a9e4-4bbc354b5598,bdd228df-7c62-430f-8ac0-5561f31b9f18,enormously_yowza.oga,/uploads/1315484c-86fc-4448-8bb1-e93729870792.csv,5544958,text/css,2025-09-18 17:17:36.114
cddb2030-667a-49e4-b484-e396b584e5fa,fdfd33e0-0f3d-4ffd-b6aa-f6e928825663,buck_beyond.xlc,/uploads/13dda6a6-00e3-4f49-804d-190fa30f91a5.mp3,2442228,application/x-7z-compressed,2025-09-18 17:19:14.832
d1c95f3d-c494-48c9-841d-9f5b512b4373,e3209802-f46d-44c6-b4d1-cdf2e4a4943f,careful.text,/uploads/48a9bbe4-42f4-43f0-acb6-21cdc8f38ed3.m2v,7176053,text/javascript,2025-09-18 17:19:25.897
d1fbf3dc-0d6d-4ffd-80cd-a5a7f7ab44b6,c2405689-228a-4962-bfe1-f99eb58d55c1,usually_superb_phew.gif,/uploads/4730af0d-8da2-434c-b630-cd9140581943.js,10213370,application/json,2025-09-18 17:17:09.875
d38384bf-54db-4481-aad6-91c9aee50090,35ef928a-0ce6-45e0-aa56-8f0741dbba68,whose_wholly_flaunt.xsl,/uploads/ca4be63c-3cbb-4ab3-8918-568c4cd1196c.xla,6152755,video/mp4,2025-09-18 17:20:18.93
d42b883f-d370-4a7a-ac04-3b4eec251c57,b212686d-9db2-41d4-9ab9-fa3e932f5d23,as.mp2a,/uploads/058f15a5-ce6c-4f12-b461-f9d103486a25.htm,10374886,application/vnd.visio,2025-09-18 17:17:29.247
d4b6cfac-c315-4ad7-872e-b8735f8fdeb5,58f71e15-850c-43c3-95b9-52f90d8cb1b0,optimistically_wildly.img,/uploads/b59972dd-2bc8-415b-b3ae-857e0c210ab8.odp,5699148,application/ogg,2025-09-18 17:17:22.478
d50a6e6f-6173-4831-a458-d00ae2f4d388,051a2ab2-1ce3-47b7-9078-6034d3f95ddf,once_attach_now.ttf,/uploads/26fcd497-de24-4826-b224-7feca2cd9d8f.png,9584123,application/vnd.mozilla.xul+xml,2025-09-18 17:20:14.701
d57dd196-c690-49d7-80f3-f92950c6c713,32f81b18-5ae7-421b-a93c-6039efa4764f,yowza.mpga,/uploads/c189328e-6e7e-46b5-8e50-f82ec88dc5f5.html,2808768,video/mp2t,2025-09-18 17:15:48.175
d602819d-59d6-4bb0-87c2-127050a37efc,1d590c8d-8950-47eb-b6da-863a067bd717,brr_indeed.oga,/uploads/608fa03d-dacb-481a-be5c-09284c7347ea.in,9405961,font/otf,2025-09-18 17:17:12.842
d7264d16-9ea9-4e9a-8a9f-289c5c9f304b,163775da-cf27-42fa-b4bf-16f333f18774,massive_unaccountably_and.xla,/uploads/e1fbefe2-f050-40d8-b4fd-388dc3d71a9b.dot,1167112,video/x-msvideo,2025-09-18 17:18:01.231
d7f4937f-f526-4e7e-93ea-aaffc25b98e8,0f327456-b4d5-41f1-ad1c-9d38e409c669,however_strictly_gee.ogv,/uploads/c470a51c-aeac-415e-a781-26d78578ae99.ogg,7389697,text/html,2025-09-18 17:16:26.971
d8835fe3-cba1-42f5-bc46-ed3f03cb45ab,cfc882d7-b282-486b-89b7-dbcfd0d47238,through_wound.midi,/uploads/64b3ff05-668e-4ade-99f3-c7d52e905308.ini,6167020,application/x-freearc,2025-09-18 17:19:42.258
d956242a-4ddc-4c16-bab0-16306fc2e8a6,e518d322-d5b4-464d-9f7e-31fdfe589d7e,duh.dist,/uploads/3d51e674-c422-4052-a27c-c7c73ce56e5d.rng,860479,application/x-bzip,2025-09-18 17:19:44.967
da8607d5-28f7-4b26-9c8c-17385abe16e8,c1a13ce7-a574-4875-be47-94b4aa0deb87,closely.bz2,/uploads/0e043352-6770-4e3f-b59f-bdc3cb8e616b.msi,7020500,audio/ogg,2025-09-18 17:16:09.468
dc696afb-b8e7-4ec2-958b-4f4c08baf0eb,925597ef-a59c-43a1-bd16-068f52379736,immaculate.htm,/uploads/68b19bf6-dae8-4e61-8e0b-c270fbe3fc06.bmp,2085653,application/vnd.openxmlformats-officedocument.spreadsheetml.sheet,2025-09-18 17:17:58.953
dd57082b-92bd-485e-8196-19114159e712,d202048f-fe2d-4c74-836f-d38872b95165,quarrelsomely_swank.dmg,/uploads/bf587402-901d-4ccf-942e-003c468dc979.kar,6854264,video/3gpp2,2025-09-18 17:20:17.5
dd9479a7-52bd-450a-b0ec-3be8cc752112,1f7da04e-ee30-4cee-b421-61576b33b047,finagle.mpeg,/uploads/4e954161-0688-4a7d-84c3-afe6cd685398.msp,3034508,application/rtf,2025-09-18 17:19:18.215
ddf42dd7-c564-4ad0-b3c4-c47ebaa6ee31,1626ff7e-20c7-4e88-93d0-523d07ae83d0,frantically.so,/uploads/8fb2d3f0-fffc-4cc3-a70f-25131ac571bf.shtml,4970339,image/avif,2025-09-18 17:19:36.037
de2f5ea0-d06a-4f6f-94d5-2bec82de9be7,35ef928a-0ce6-45e0-aa56-8f0741dbba68,uh_huh.arc,/uploads/ad12a59e-2990-42af-8983-710bee0613cd.buffer,4597203,application/vnd.oasis.opendocument.text,2025-09-18 17:20:19.21
df00b0a4-8e70-4d94-8ac8-efa3c43899a1,0dad66cf-bed1-4765-8e92-a2181c767919,failing_average.mp3,/uploads/b1dc4763-3b51-42c8-b30b-35691f53e898.wav,3744654,application/xhtml+xml,2025-09-18 17:14:32.4
e2bf72f5-2b1f-4199-90dc-17c3520c91fb,d202048f-fe2d-4c74-836f-d38872b95165,spot.txt,/uploads/1736e0f0-915a-43cb-a75e-66a8fb2856f8.exe,1847255,application/pdf,2025-09-18 17:20:17.236
e374d3cf-eb44-41b8-8eb6-151e8617c4f5,cc58520b-0b48-4df3-9195-5706fac6f800,because_front_estrogen.deploy,/uploads/45ede74d-1268-4d8f-af4e-6a601b819e65.tif,5269325,application/ld+json,2025-09-18 17:16:56.818
e7019e07-e19c-4117-b63e-a18755675c94,b1364195-f80d-4ca5-beeb-ac2bef9b7355,unlined_worth.js,/uploads/e2c38fb8-48f4-44b7-9f2f-4b55d74ab093.elc,6492134,image/avif,2025-09-18 17:19:19.794
e8511d5c-730c-4f70-b1bc-8cb2a8da961d,594dc44d-da0c-4c0b-8147-2cbb69ef2c59,rhapsodize_mmm.ods,/uploads/1475c76a-577a-4f3e-a606-991171217d87.ogx,4347920,application/vnd.amazon.ebook,2025-09-18 17:16:32.886
e9246ab8-d3dc-4183-ba8c-c7b74f42926e,257da166-9449-43fe-b3b5-37f4b435aa50,limply_beck.xla,/uploads/65016fec-119a-4d80-a307-e3ecf5132717.msp,5895536,application/x-csh,2025-09-18 17:16:18.727
e96f105f-d84a-441f-8f73-96ebc1588209,81c8c758-63f4-4a64-a0e4-a130c5f15a75,common.webm,/uploads/c7ca7220-1653-4cd0-99fa-03c10ddc3703.mp2a,3284657,application/octet-stream,2025-09-18 17:14:26.374
e977983a-9fa5-45b6-9140-08f82021c286,69b0b9e4-09e0-464b-9e42-2b331f76df50,deficient_apropos.webm,/uploads/c5c10c59-c370-4cae-9710-749758e2dd7f.jpeg,5219117,application/ogg,2025-09-18 17:18:31.548
ea3975c6-96d6-4dbe-8fcf-5b5ec2e5c344,1b070005-537f-475d-9c2e-78c372ef26c6,from.rmi,/uploads/ae9f9616-22de-4abd-ae0e-a6f45248f7c7.msm,1724709,audio/wav,2025-09-18 17:16:15.77
ea4128e9-71a8-4ce3-babe-7d157dce040b,bdd228df-7c62-430f-8ac0-5561f31b9f18,but_aw.conf,/uploads/038fc92f-6c00-4e1a-98ba-725785d65ce6.xlsx,10091360,text/csv,2025-09-18 17:17:35.559
ea8e9216-f3b9-4a1b-a03f-9a8cd4ae328b,f1739270-cd85-43db-b02c-f14941a9c5ca,rude.ogg,/uploads/9493983a-08b2-4ca5-9030-4b1af349cef6.abw,3304372,text/calendar,2025-09-18 17:17:03.754
eaa1c6e7-52e0-4d52-80de-67bd5c69cb63,512a14ce-2fe8-4812-a160-95e8f432a834,since.m2a,/uploads/e116222f-3979-41b8-b7f7-4851550dada8.webp,6452645,audio/3gpp2,2025-09-18 17:14:33.871
eac6f61d-5377-4f70-8bab-e18a5dd54f1f,46facd7e-5370-4496-a419-8ecef8c6e593,pamphlet_hock_oh.mp4,/uploads/aae86018-9bc4-4d94-a430-028ff5486fbe.mp3,5796524,application/x-sh,2025-09-18 17:16:49.482
ead860cf-9fe4-4b32-8932-746acbbec837,8f6d400e-1988-4843-9d09-99fcb652d327,stiff_whoa_above.m2a,/uploads/72ada074-a5b9-4a52-8ffe-ce2f37543138.zip,9621749,application/rtf,2025-09-18 17:15:13.133
eae5135c-8296-4661-95bb-9a7bc28f156c,27fc3d89-3253-4f99-9aa1-93b75738c091,indeed_bah_from.vsd,/uploads/377417e9-abc1-485e-ad10-9831bba6120e.mar,1127467,text/csv,2025-09-18 17:20:00.193
ebb65abd-0524-4223-a3fc-266bc2392c3d,8bc0c035-04b2-46d2-8907-2958d994682f,rural_bah.dot,/uploads/04b2b86d-594b-49f9-8280-f5ef8995578a.ttf,875877,application/x-sh,2025-09-18 17:19:28.234
ec065e04-c9ba-42e7-aa99-030a333e62f8,35ef928a-0ce6-45e0-aa56-8f0741dbba68,directory_per_slit.weba,/uploads/79bd0418-51e9-4771-9784-a3387cfa49f0.img,1012865,application/xhtml+xml,2025-09-18 17:20:19.466
ec2ccce4-8308-4857-8c23-b5dcd1d9538f,b220aaa1-e748-45f7-b375-91b542297657,ugh_a.oga,/uploads/692a4127-cbf6-42b1-8dde-818daa2908e3.exe,4305748,video/webm,2025-09-18 17:18:04.687
ed92203d-1a2c-4073-9069-27682f1baa2b,0f0be3e6-1874-4860-837d-083b715f62af,pacemaker_mirror_unhinge.ogv,/uploads/3bda6278-38bc-4e94-b6b3-35b4e99118fd.mpg4,4963174,font/woff,2025-09-18 17:18:49.044
edad4492-1765-4955-a033-98012a9ceb9d,2ec0abe9-42ed-4817-8d34-8df5559dad65,indeed.bmp,/uploads/5bf95c72-2973-4985-909c-294116a76cdf.docx,9750647,application/pdf,2025-09-18 17:14:24.032
eeb1628d-6d5f-4dc3-bd4d-253ce99ad2d7,23e16941-6294-4dc8-a20d-bb648f8f3888,wrathful_pork_chem.oga,/uploads/09d14020-55dd-469d-bb9a-765c7b96a4e2.eot,1926387,application/vnd.oasis.opendocument.presentation,2025-09-18 17:16:41.346
eedf0471-ad11-435f-9cbe-e4504fd202ef,594dc44d-da0c-4c0b-8147-2cbb69ef2c59,mmm_now_what.mpeg,/uploads/f3356058-7999-4a3a-9779-1545751f3db0.pps,6824737,application/zip,2025-09-18 17:16:32.603
ef7b743e-a92d-4926-8fcd-b9aff3abedd8,cbd8c849-fcaf-4ccd-8a24-de361a1641a4,circa_delineate.conf,/uploads/3c08d08e-40c6-4813-952b-2912e136a600.dms,5213421,audio/midi,2025-09-18 17:15:23.02
f04fadcc-fdec-4c7f-b909-d0a7d4296686,32f81b18-5ae7-421b-a93c-6039efa4764f,refurbish_joyfully.ttf,/uploads/e6ed1b38-f67c-41e3-909c-1ec06e5556b0.eot,7609524,text/plain,2025-09-18 17:15:48.43
f067f062-7f43-45e0-86bb-f185b03e1597,13447c77-7f08-40ca-88da-bbee75394b82,outside_nifty.bpk,/uploads/abda5c2d-762f-440c-a631-86822461e797.mp2a,58625,image/webp,2025-09-18 17:20:35.16
f099b06c-f3ec-4674-9873-87ca0dec2eed,4ff32b08-de36-4b29-a9cb-b7daa47da6c5,than.txt,/uploads/2c548386-4097-4a54-b40e-b320e061e02f.xlt,9818164,text/calendar,2025-09-18 17:16:20.967
f286d3d8-c7cb-4c3c-894e-29095fc68bcc,9627c037-55e2-4ec9-9428-cb67dd960226,past_quirky_unto.bz,/uploads/25b3e5a0-ab20-4ba0-bbd7-c3c3d98c5e90.m2a,8520783,audio/wav,2025-09-18 17:14:51.402
f2cd275b-9483-4da0-8c53-103f5b2cae2e,2b9cbdbf-d7ec-464c-9b6f-1f061afadee2,muscle_solemnly.avif,/uploads/a8b7709d-a579-42af-8fa7-d86f140cff48.pkg,6036647,text/csv,2025-09-18 17:18:49.709
f2f7226e-c647-474d-9a71-9e6362c4b003,dba10c61-166d-41e9-af4d-4eaf7cbfb353,tortilla_ack.log,/uploads/f4bc9682-737c-47e5-9057-aec540119413.conf,3750020,font/otf,2025-09-18 17:14:52.584
f459c546-af0f-417a-bf84-213a0d6a6644,240ebad0-a501-4798-8522-a1a5a3282c89,vacantly_indeed_serve.def,/uploads/bc86947d-e8c1-489c-90ee-4caef9022614.dms,8040518,image/jpeg,2025-09-18 17:20:12.329
f69395a6-8482-470f-918d-753c6322c720,27fc3d89-3253-4f99-9aa1-93b75738c091,curiously_whoa.bz,/uploads/5342b736-5c13-41f2-a4bd-54fcfbdaa76b.bpk,10384449,video/ogg,2025-09-18 17:19:59.922
f7411162-ce23-43a8-bd37-538fb1b2642c,9627c037-55e2-4ec9-9428-cb67dd960226,save_wavy.aac,/uploads/96e14a8d-cf50-4f88-9944-ad1b98b10ad4.so,222734,font/otf,2025-09-18 17:14:51.668
f95156e2-c7c1-48ee-a56c-5ca27d64b5b9,571026fb-d7b0-464a-9e6b-80117775e823,shrilly_limping.bz2,/uploads/906f1e80-bea3-4811-ba1e-dd8debb9f728.mpeg,9541208,application/ogg,2025-09-18 17:18:39.99
f989abf5-36f4-4c25-a45e-4ec568efa9bb,d202048f-fe2d-4c74-836f-d38872b95165,healthily.deploy,/uploads/a40fc0bf-f1d9-44db-b72d-414a6235f9f5.pot,8389671,font/woff2,2025-09-18 17:20:17.762
f9b4ace1-5d4e-434b-9f38-4292c658b357,56177343-a6e8-4479-9b34-6748733f1208,versus_oxygenate_stint.svg,/uploads/ecb20ab8-bc64-4ec8-8508-c80aa1cd8eaf.gz,9518257,application/vnd.ms-powerpoint,2025-09-18 17:18:42.995
fb56f7e2-7b6a-433e-b8f6-8f4e83dd23a8,a0b82d24-80aa-4453-883c-fead9785c208,intervention.dmg,/uploads/56cdecc3-92df-487e-93b4-eff69e1dfb37.csh,7898643,application/vnd.oasis.opendocument.text,2025-09-18 17:15:54.537
fdc63ebe-ed75-4d59-9a7f-3a56de1faea2,e9fafc64-9887-4a87-b8f8-4cd380db81a5,whose_delude.ts,/uploads/cf4d654a-240c-49df-b9b2-09485d8ee4a3.mp4v,723384,image/bmp,2025-09-18 17:14:35.986
fdd25084-7971-467e-9049-0163436bf120,3fb6a361-6e64-4764-98b8-85fcd8e86b19,eviscerate.xul,/uploads/ebe9163c-db0c-4bc3-a978-efbcb625497d.xsd,10335274,application/xml,2025-09-18 17:20:25.507
ff9b705e-cb3a-4718-bd98-63f7116b3839,31b0c2bf-843d-4aad-a9b2-b991837c4335,motionless.vst,/uploads/466c1ddf-532a-415d-87cc-e25a2d5f416b.so,6089503,video/mp4,2025-09-18 17:14:42.234
ffa32c54-4300-459a-a323-5850138cb1ba,ca18d2bf-dee3-452d-9782-71731ac6f8de,venerated_toward_aside.msp,/uploads/39546205-5e4c-4621-b2c4-0e1c390cf1b0.xlsx,2122851,image/webp,2025-09-18 17:15:29.396
ffd4548e-4a51-49f2-9458-4b9b622e960a,97d371cf-a5ce-4f93-9367-45a97cdff4d0,unaccountably_yieldingly_for.so,/uploads/18895ac9-01c2-4628-b6e6-42eb66967a27.dot,7665236,application/vnd.ms-excel,2025-09-18 17:19:58.484