id,name,email,emailVerified,image,createdAt,updatedAt
02add7a4-2a52-499c-8b35-da55355ccd9a,Joanna Gottlieb-Douglas,Jayme25@hotmail.com,true,https://avatars.githubusercontent.com/u/80294736,2025-09-18 17:12:05.418,2025-09-18 17:12:05.418
04620a06-5a7a-4244-b373-71b0b093f3a9,Leslie Schmeler,Elta.Hettinger53@gmail.com,true,https://avatars.githubusercontent.com/u/69471556,2025-09-18 17:11:48.77,2025-09-18 17:11:48.77
06f2acfe-3c89-4372-861e-10255f405956,Jaime Waters,Marjolaine.Flatley83@hotmail.com,false,https://avatars.githubusercontent.com/u/73289169,2025-09-18 17:11:59.38,2025-09-18 17:11:59.38
07e9089f-0a37-4070-adef-67f3dcb53cb5,Thomas Reynolds,Libby_Heathcote40@hotmail.com,false,https://cloudflare-ipfs.com/ipfs/Qmd3W5DuhgHirLHGVixi6V76LhCkZUz6pnFt5AJBiyvHye/avatar/473.jpg,2025-09-18 17:12:09.141,2025-09-18 17:12:09.141
0ef51ea1-ba27-4b83-b243-fb88f0fba4fc,Derek Batz,Rudy.Jenkins53@gmail.com,false,https://avatars.githubusercontent.com/u/91055511,2025-09-18 17:12:08.121,2025-09-18 17:12:08.121
10722323-1dbb-4657-8c68-b5ccc43bf68c,Dominic McClure III,Keanu.Hackett@hotmail.com,true,https://cloudflare-ipfs.com/ipfs/Qmd3W5DuhgHirLHGVixi6V76LhCkZUz6pnFt5AJBiyvHye/avatar/1138.jpg,2025-09-18 17:12:09.92,2025-09-18 17:12:09.92
12c186a1-0cb8-4ebb-b328-4273b49aba1b,Curtis Harvey,Lessie39@gmail.com,false,https://cloudflare-ipfs.com/ipfs/Qmd3W5DuhgHirLHGVixi6V76LhCkZUz6pnFt5AJBiyvHye/avatar/1087.jpg,2025-09-18 17:11:58.868,2025-09-18 17:11:58.868
13473fe0-993c-4077-a155-19f9151fc82b,Alison Miller,Felicia80@yahoo.com,false,https://avatars.githubusercontent.com/u/32315771,2025-09-18 17:12:15.773,2025-09-18 17:12:15.773
15a9b28f-f64c-4129-b164-6ab5f0637304,Ramona Funk V,Amari.Littel54@yahoo.com,true,https://cloudflare-ipfs.com/ipfs/Qmd3W5DuhgHirLHGVixi6V76LhCkZUz6pnFt5AJBiyvHye/avatar/818.jpg,2025-09-18 17:12:01.228,2025-09-18 17:12:01.228
195a15ee-90da-4603-b71e-b6f2d18d86f7,Patrick MacGyver,Vergie_Hodkiewicz75@gmail.com,true,https://avatars.githubusercontent.com/u/24830179,2025-09-18 17:12:09.664,2025-09-18 17:12:09.664
20cdb159-f483-4ac2-9462-26203d506fef,Orville Wunsch,Adela_Howe@yahoo.com,true,https://cloudflare-ipfs.com/ipfs/Qmd3W5DuhgHirLHGVixi6V76LhCkZUz6pnFt5AJBiyvHye/avatar/499.jpg,2025-09-18 17:12:06.781,2025-09-18 17:12:06.781
21068fc0-92f9-431c-b569-b34b834a37e4,Charlotte Farrell,Roman.Dietrich81@hotmail.com,true,https://avatars.githubusercontent.com/u/44620066,2025-09-18 17:11:49.806,2025-09-18 17:11:49.806
24b56896-1792-4379-82b0-e1bce352a5b1,Chelsea Deckow,Madge57@gmail.com,true,https://avatars.githubusercontent.com/u/66360755,2025-09-18 17:11:59.124,2025-09-18 17:11:59.124
25bc00b7-820a-44a0-bd23-d4fe7b56121e,Jim Huel Jr.,Lucas.Kohler12@hotmail.com,false,https://avatars.githubusercontent.com/u/25549682,2025-09-18 17:12:13.341,2025-09-18 17:12:13.341
2c78aac6-a0ba-4e92-bb2b-530fb1c35f9e,Jamie Pfannerstill,Brandi43@gmail.com,false,https://cloudflare-ipfs.com/ipfs/Qmd3W5DuhgHirLHGVixi6V76LhCkZUz6pnFt5AJBiyvHye/avatar/212.jpg,2025-09-18 17:11:51.109,2025-09-18 17:11:51.109
2e4d25eb-ebb3-4e2f-b3a1-ecb4ac4e41b7,Alberto Mraz,Boris70@gmail.com,false,https://cloudflare-ipfs.com/ipfs/Qmd3W5DuhgHirLHGVixi6V76LhCkZUz6pnFt5AJBiyvHye/avatar/455.jpg,2025-09-18 17:12:06.513,2025-09-18 17:12:06.513
2e623b3c-e47e-4b5d-8e32-a79b8baa3b18,Dr. Shannon Hagenes,Laurine52@yahoo.com,false,https://cloudflare-ipfs.com/ipfs/Qmd3W5DuhgHirLHGVixi6V76LhCkZUz6pnFt5AJBiyvHye/avatar/1036.jpg,2025-09-18 17:12:14.175,2025-09-18 17:12:14.175
2ef03a25-828a-44d4-894e-409c326f4f24,Nettie Kerluke,William.Luettgen@hotmail.com,false,https://cloudflare-ipfs.com/ipfs/Qmd3W5DuhgHirLHGVixi6V76LhCkZUz6pnFt5AJBiyvHye/avatar/489.jpg,2025-09-18 17:11:51.878,2025-09-18 17:11:51.878
378645a6-887d-49bd-8ca2-747a5e160858,Jenny Beer,Itzel67@hotmail.com,true,https://cloudflare-ipfs.com/ipfs/Qmd3W5DuhgHirLHGVixi6V76LhCkZUz6pnFt5AJBiyvHye/avatar/36.jpg,2025-09-18 17:12:11.76,2025-09-18 17:12:11.76
3936059e-d9da-4e9c-be55-e616b969c2bc,Terri Homenick,Bennett_Quitzon@yahoo.com,true,https://cloudflare-ipfs.com/ipfs/Qmd3W5DuhgHirLHGVixi6V76LhCkZUz6pnFt5AJBiyvHye/avatar/334.jpg,2025-09-18 17:11:59.635,2025-09-18 17:11:59.635
3994a4f7-670f-409e-8a5c-42772438fdf2,Delores Schowalter II,Ernie_Schuppe@gmail.com,true,https://avatars.githubusercontent.com/u/71217809,2025-09-18 17:12:14.431,2025-09-18 17:12:14.431
3c9f9802-fb13-461a-b133-309dcb8c3cc9,Mamie Welch,Christopher.Lueilwitz-Kohler@hotmail.com,false,https://avatars.githubusercontent.com/u/65088725,2025-09-18 17:11:53.267,2025-09-18 17:11:53.267
3ddfe0a9-6730-4d5c-b6b9-dafd6c96bc4e,Lorena Swift-Stehr,Viva86@hotmail.com,true,https://cloudflare-ipfs.com/ipfs/Qmd3W5DuhgHirLHGVixi6V76LhCkZUz6pnFt5AJBiyvHye/avatar/1194.jpg,2025-09-18 17:11:47.982,2025-09-18 17:11:47.982
4059a6da-58ac-4a42-8ae6-47f4005d9f96,Dominick Herman-Hegmann MD,Clay_Champlin@yahoo.com,false,https://cloudflare-ipfs.com/ipfs/Qmd3W5DuhgHirLHGVixi6V76LhCkZUz6pnFt5AJBiyvHye/avatar/1108.jpg,2025-09-18 17:12:14.719,2025-09-18 17:12:14.719
40e87907-ffa5-48ea-967f-ec8f169694f7,Joel Boyle,Lilyan_Ritchie69@yahoo.com,true,https://avatars.githubusercontent.com/u/71694711,2025-09-18 17:11:47.462,2025-09-18 17:11:47.462
424045dd-2044-49af-a50b-37b545ef8981,Luke Graham,Angelo48@gmail.com,false,https://avatars.githubusercontent.com/u/26808568,2025-09-18 17:11:54.843,2025-09-18 17:11:54.843
44916ffa-0510-4e5f-88ad-c4c260deb099,Ms. Alexis O'Hara,Alanis18@hotmail.com,false,https://avatars.githubusercontent.com/u/32488825,2025-09-18 17:12:15.508,2025-09-18 17:12:15.508
45ada5c9-b120-4ac3-98eb-33a4d83e3efb,Naomi Sanford,Golden_Heidenreich90@gmail.com,true,https://cloudflare-ipfs.com/ipfs/Qmd3W5DuhgHirLHGVixi6V76LhCkZUz6pnFt5AJBiyvHye/avatar/1173.jpg,2025-09-18 17:12:13.608,2025-09-18 17:12:13.608
467162e4-b2dd-4f53-b492-cca66dbd4b2d,Ramiro Abernathy PhD,Tremayne_Tillman@yahoo.com,true,https://cloudflare-ipfs.com/ipfs/Qmd3W5DuhgHirLHGVixi6V76LhCkZUz6pnFt5AJBiyvHye/avatar/372.jpg,2025-09-18 17:12:03.558,2025-09-18 17:12:03.558
48307b3b-7111-4b18-b6d3-3661a1d5f33d,Beverly Stark III,Brenden_Buckridge@hotmail.com,true,https://avatars.githubusercontent.com/u/84097674,2025-09-18 17:12:02.525,2025-09-18 17:12:02.525
4ad8ec6e-8e4f-4ee3-b21f-b2eb274a4111,Jonathan Kshlerin,Arnold74@hotmail.com,true,https://cloudflare-ipfs.com/ipfs/Qmd3W5DuhgHirLHGVixi6V76LhCkZUz6pnFt5AJBiyvHye/avatar/62.jpg,2025-09-18 17:12:07.056,2025-09-18 17:12:07.056
4b72da6d-c401-41f0-9d57-851ba10a065f,Crystal Roob,Kamille_Armstrong@yahoo.com,false,https://avatars.githubusercontent.com/u/52622588,2025-09-18 17:12:12.797,2025-09-18 17:12:12.797
4e1d4d43-c291-4ed4-a1c6-12163d7fc0d8,Leo Ryan,Phyllis_Reichert@hotmail.com,true,https://avatars.githubusercontent.com/u/39939215,2025-09-18 17:11:57.498,2025-09-18 17:11:57.498
4f6a39c1-ab3f-4630-a4d1-632eea885d15,Courtney Kovacek,Lucius78@hotmail.com,false,https://cloudflare-ipfs.com/ipfs/Qmd3W5DuhgHirLHGVixi6V76LhCkZUz6pnFt5AJBiyvHye/avatar/916.jpg,2025-09-18 17:12:16.039,2025-09-18 17:12:16.039
4fd16083-ffa1-479d-9de2-c7a9c9be539e,Duane Keebler MD,Aliya.Hane@hotmail.com,false,https://cloudflare-ipfs.com/ipfs/Qmd3W5DuhgHirLHGVixi6V76LhCkZUz6pnFt5AJBiyvHye/avatar/1104.jpg,2025-09-18 17:12:02.267,2025-09-18 17:12:02.267
50fb2bfd-cfd5-4e05-b61a-4864569fb4fa,Trevor Olson DDS,Ayana.Powlowski@hotmail.com,true,https://avatars.githubusercontent.com/u/52878786,2025-09-18 17:12:13.072,2025-09-18 17:12:13.072
53c2cad2-f417-4e15-85d5-ec013e45a614,Armando Pollich,Antoinette.Harber@hotmail.com,true,https://avatars.githubusercontent.com/u/83786528,2025-09-18 17:11:47.202,2025-09-18 17:11:47.202
5519c488-b313-4b08-9692-6d262745ea3a,Tony Stoltenberg,Daniela_Strosin4@yahoo.com,true,https://cloudflare-ipfs.com/ipfs/Qmd3W5DuhgHirLHGVixi6V76LhCkZUz6pnFt5AJBiyvHye/avatar/527.jpg,2025-09-18 17:12:03.301,2025-09-18 17:12:03.301
5571c69e-9cd4-449d-95fc-8a0919014d0f,Heather Dickinson V,Leonardo34@gmail.com,true,https://cloudflare-ipfs.com/ipfs/Qmd3W5DuhgHirLHGVixi6V76LhCkZUz6pnFt5AJBiyvHye/avatar/905.jpg,2025-09-18 17:12:10.986,2025-09-18 17:12:10.986
5572df71-6197-4b50-9f99-92009a0b967a,Bradford Gleichner-Wilkinson,Joany50@hotmail.com,true,https://cloudflare-ipfs.com/ipfs/Qmd3W5DuhgHirLHGVixi6V76LhCkZUz6pnFt5AJBiyvHye/avatar/528.jpg,2025-09-18 17:11:51.364,2025-09-18 17:11:51.364
5e3e1f9b-6455-49fb-8241-26592feef1e4,Ellis Cruickshank-Buckridge,Madison_Blick24@yahoo.com,false,https://avatars.githubusercontent.com/u/64626202,2025-09-18 17:12:10.708,2025-09-18 17:12:10.708
5e78565d-0be0-4f96-9bc0-d22b6d8ec532,Raul Bartell,Aubrey76@hotmail.com,true,https://avatars.githubusercontent.com/u/11811696,2025-09-18 17:12:04.075,2025-09-18 17:12:04.075
60b51106-5f37-458b-94be-3e653aa387cb,Rochelle Davis V,Laverne.Jenkins6@hotmail.com,true,https://avatars.githubusercontent.com/u/98692820,2025-09-18 17:12:05.694,2025-09-18 17:12:05.694
6351fbc6-3491-4a3d-ab68-b027171393bb,Mr. Kevin Welch,Branson24@yahoo.com,true,https://avatars.githubusercontent.com/u/10299357,2025-09-18 17:12:05.968,2025-09-18 17:12:05.968
64a7c78b-b2e8-402d-8c6e-490277b66d7e,Ethel Heidenreich,Cierra_Cassin73@hotmail.com,true,https://avatars.githubusercontent.com/u/97643712,2025-09-18 17:11:46.655,2025-09-18 17:11:46.655
6596c779-02bf-4b85-97d2-04ac04bb648e,Kayla Stark II,Emery92@gmail.com,true,https://avatars.githubusercontent.com/u/14492434,2025-09-18 17:11:49.548,2025-09-18 17:11:49.548
69b0a2e7-2c49-44b5-a465-365f356bb015,Lamar Nienow,Edna71@gmail.com,true,https://avatars.githubusercontent.com/u/26447650,2025-09-18 17:12:00.448,2025-09-18 17:12:00.448
6c00e3bb-723e-415a-a5f9-90d626e68ff6,Carl Greenholt,Lucas22@gmail.com,false,https://avatars.githubusercontent.com/u/2882641,2025-09-18 17:11:54.32,2025-09-18 17:11:54.32
6d65d253-008a-477b-8364-d37e9ba1739e,Hannah Homenick,Juwan.Lubowitz15@gmail.com,true,https://cloudflare-ipfs.com/ipfs/Qmd3W5DuhgHirLHGVixi6V76LhCkZUz6pnFt5AJBiyvHye/avatar/964.jpg,2025-09-18 17:11:48.494,2025-09-18 17:11:48.494
6f6beee4-bc44-45c4-a2c2-0c1f7646ecea,Sylvia Walsh,Kristin_Buckridge30@hotmail.com,true,https://avatars.githubusercontent.com/u/7280868,2025-09-18 17:11:55.141,2025-09-18 17:11:55.141
70065fb1-ed49-424e-8668-9f905ba173b1,Earl Kub,Shirley.Hamill99@yahoo.com,false,https://cloudflare-ipfs.com/ipfs/Qmd3W5DuhgHirLHGVixi6V76LhCkZUz6pnFt5AJBiyvHye/avatar/1234.jpg,2025-09-18 17:11:56.2,2025-09-18 17:11:56.2
71101e4d-2be1-4840-a2a0-cdfd541005f3,Geneva Borer,Bessie.Mills28@yahoo.com,true,https://cloudflare-ipfs.com/ipfs/Qmd3W5DuhgHirLHGVixi6V76LhCkZUz6pnFt5AJBiyvHye/avatar/125.jpg,2025-09-18 17:11:59.905,2025-09-18 17:11:59.905
728a03d0-aa7a-46a0-8db5-46f91f72a262,Ted Lind,Karli.Hand@hotmail.com,true,https://avatars.githubusercontent.com/u/17927752,2025-09-18 17:11:50.329,2025-09-18 17:11:50.329
75208c7a-6e52-4a2f-a7b1-b92ba70dbc86,Fredrick Schiller,Urban_Bartoletti@yahoo.com,false,https://cloudflare-ipfs.com/ipfs/Qmd3W5DuhgHirLHGVixi6V76LhCkZUz6pnFt5AJBiyvHye/avatar/471.jpg,2025-09-18 17:12:11.25,2025-09-18 17:12:11.25
755b72bd-f5ab-4c92-850c-cbed0e7d8e9f,Rogelio Rempel,Dave9@hotmail.com,true,https://cloudflare-ipfs.com/ipfs/Qmd3W5DuhgHirLHGVixi6V76LhCkZUz6pnFt5AJBiyvHye/avatar/273.jpg,2025-09-18 17:11:46.391,2025-09-18 17:11:46.391
7605de75-5c32-473e-8fe3-6ff9d18bab09,Jane McCullough,Nicholaus_Effertz@hotmail.com,false,https://cloudflare-ipfs.com/ipfs/Qmd3W5DuhgHirLHGVixi6V76LhCkZUz6pnFt5AJBiyvHye/avatar/786.jpg,2025-09-18 17:12:02.011,2025-09-18 17:12:02.011
776adbda-c0fe-430b-aa06-cdc64d775302,Sammy Bruen,Kelton_Kautzer@yahoo.com,false,https://cloudflare-ipfs.com/ipfs/Qmd3W5DuhgHirLHGVixi6V76LhCkZUz6pnFt5AJBiyvHye/avatar/311.jpg,2025-09-18 17:12:12.282,2025-09-18 17:12:12.282
77aa6446-e393-4ee0-839e-db9aa5b4f6e2,Omar Bartoletti,Hortense.Schuster51@hotmail.com,false,https://avatars.githubusercontent.com/u/80867188,2025-09-18 17:11:58.033,2025-09-18 17:11:58.033
78ad60f2-60c0-496f-bf72-cb6834a1a037,Perry Rath,Kennedy_Olson79@yahoo.com,true,https://cloudflare-ipfs.com/ipfs/Qmd3W5DuhgHirLHGVixi6V76LhCkZUz6pnFt5AJBiyvHye/avatar/18.jpg,2025-09-18 17:12:00.701,2025-09-18 17:12:00.701
7948406b-aebf-4f72-af87-68f35baf68c2,Garrett Botsford DDS,Brown_Schuppe46@hotmail.com,false,https://cloudflare-ipfs.com/ipfs/Qmd3W5DuhgHirLHGVixi6V76LhCkZUz6pnFt5AJBiyvHye/avatar/769.jpg,2025-09-18 17:12:07.581,2025-09-18 17:12:07.581
7a2756e6-7f8e-421e-9893-d3bd4f52e6e0,Austin Herman,Adonis22@yahoo.com,false,https://avatars.githubusercontent.com/u/76000934,2025-09-18 17:12:16.299,2025-09-18 17:12:16.299
833e7784-39e8-43f1-9ff9-42248057f11a,Katherine Klein,Elizabeth54@hotmail.com,false,https://cloudflare-ipfs.com/ipfs/Qmd3W5DuhgHirLHGVixi6V76LhCkZUz6pnFt5AJBiyvHye/avatar/467.jpg,2025-09-18 17:12:00.96,2025-09-18 17:12:00.96
83d35cc6-16ba-4eac-a654-4f7368671195,Israel Homenick,Branson18@hotmail.com,true,https://cloudflare-ipfs.com/ipfs/Qmd3W5DuhgHirLHGVixi6V76LhCkZUz6pnFt5AJBiyvHye/avatar/543.jpg,2025-09-18 17:11:49.033,2025-09-18 17:11:49.033
83f37173-dae5-4abc-9801-a9d0069e3067,Jan Reynolds,Rocio.Stroman18@hotmail.com,true,https://avatars.githubusercontent.com/u/83150151,2025-09-18 17:11:58.293,2025-09-18 17:11:58.293
8948c636-2325-4b2f-b035-7c52e3220a9c,Lynette Hauck,Mckenna83@gmail.com,false,https://avatars.githubusercontent.com/u/38419160,2025-09-18 17:12:12.539,2025-09-18 17:12:12.539
89ebe278-b8ce-4368-9a20-2c650fa5ea5d,Mildred Jacobson-Mitchell,Armani94@hotmail.com,true,https://avatars.githubusercontent.com/u/7478677,2025-09-18 17:11:51.622,2025-09-18 17:11:51.622
8b1610ae-7c12-4251-b9e5-22e20dc44937,Olivia Torphy,Durward.Bergnaum@hotmail.com,true,https://cloudflare-ipfs.com/ipfs/Qmd3W5DuhgHirLHGVixi6V76LhCkZUz6pnFt5AJBiyvHye/avatar/1164.jpg,2025-09-18 17:11:47.716,2025-09-18 17:11:47.716
8d6f039e-5647-4135-bb1a-0e07531a8a3c,Edwin Parisian,Jayson.Volkman@yahoo.com,true,https://avatars.githubusercontent.com/u/78784901,2025-09-18 17:11:50.068,2025-09-18 17:11:50.068
8e8e1601-95dd-403c-ad37-c14d70e1ea2e,Ada Muller-Kling,Esperanza_Buckridge@yahoo.com,true,https://cloudflare-ipfs.com/ipfs/Qmd3W5DuhgHirLHGVixi6V76LhCkZUz6pnFt5AJBiyvHye/avatar/303.jpg,2025-09-18 17:11:53.008,2025-09-18 17:11:53.008
928eab0a-6775-4b95-8de5-5c6919b9616f,Clayton Rodriguez,Olen_Crooks@yahoo.com,true,https://cloudflare-ipfs.com/ipfs/Qmd3W5DuhgHirLHGVixi6V76LhCkZUz6pnFt5AJBiyvHye/avatar/389.jpg,2025-09-18 17:12:10.188,2025-09-18 17:12:10.188
9449f51e-7a7e-4a9e-83bd-7c09c5e570c5,Jesse O'Conner DVM,Kennedy.Mante95@yahoo.com,false,https://cloudflare-ipfs.com/ipfs/Qmd3W5DuhgHirLHGVixi6V76LhCkZUz6pnFt5AJBiyvHye/avatar/204.jpg,2025-09-18 17:12:09.397,2025-09-18 17:12:09.397
9541cc11-28eb-48ba-98bf-07cec5e97204,Ada Kunde,Darian_Rippin98@yahoo.com,false,https://avatars.githubusercontent.com/u/49548890,2025-09-18 17:12:06.244,2025-09-18 17:12:06.244
972f21f0-e761-4783-83d5-2b46743fa873,Edith Auer-Pagac,Hilda_Bashirian96@gmail.com,false,https://avatars.githubusercontent.com/u/51437452,2025-09-18 17:12:03.043,2025-09-18 17:12:03.043
97b97e42-b75c-4aa0-b3ee-8348d172a6f8,Mrs. Kellie Stoltenberg IV,Jerad_Lehner@gmail.com,true,https://cloudflare-ipfs.com/ipfs/Qmd3W5DuhgHirLHGVixi6V76LhCkZUz6pnFt5AJBiyvHye/avatar/1197.jpg,2025-09-18 17:11:56.722,2025-09-18 17:11:56.722
98b2271a-fd62-4aef-83dd-27862e06ec48,Jo Satterfield,Ewell_Satterfield@yahoo.com,true,https://cloudflare-ipfs.com/ipfs/Qmd3W5DuhgHirLHGVixi6V76LhCkZUz6pnFt5AJBiyvHye/avatar/659.jpg,2025-09-18 17:11:57.237,2025-09-18 17:11:57.237
9bffaee6-755c-4b58-913e-3ccb77ecfa85,Antoinette Hilll,Aric_Bosco@yahoo.com,true,https://avatars.githubusercontent.com/u/6530745,2025-09-18 17:11:46.932,2025-09-18 17:11:46.932
9e7e04c0-1e02-489e-9a98-2c66db00cb33,Lydia Haley-Kutch,Miller.Rohan@gmail.com,false,https://avatars.githubusercontent.com/u/46595126,2025-09-18 17:12:00.173,2025-09-18 17:12:00.173
a23f14b0-1567-485d-92ea-571f7abb1d73,Gina Predovic,Kellen53@yahoo.com,true,https://avatars.githubusercontent.com/u/57387853,2025-09-18 17:12:05.146,2025-09-18 17:12:05.146
a4f41792-58dc-4a56-84bd-3809479074b7,Terrell Wilkinson,Eva60@hotmail.com,false,https://cloudflare-ipfs.com/ipfs/Qmd3W5DuhgHirLHGVixi6V76LhCkZUz6pnFt5AJBiyvHye/avatar/445.jpg,2025-09-18 17:11:53.786,2025-09-18 17:11:53.786
a65d3cdd-8315-4672-9fa9-bd9178389e85,Lewis O'Hara,Wava_Weissnat37@gmail.com,true,https://avatars.githubusercontent.com/u/5015169,2025-09-18 17:11:52.151,2025-09-18 17:11:52.151
a70806b3-917a-47df-96fd-7ef6af1f5d98,Abraham Mosciski DDS,Lillian74@hotmail.com,true,https://cloudflare-ipfs.com/ipfs/Qmd3W5DuhgHirLHGVixi6V76LhCkZUz6pnFt5AJBiyvHye/avatar/860.jpg,2025-09-18 17:12:04.605,2025-09-18 17:12:04.605
a87035e0-aea7-4644-9fcc-9f9c296cb24f,Zachary Bernier,Maryam.Kuhlman@yahoo.com,false,https://avatars.githubusercontent.com/u/67173187,2025-09-18 17:12:14.978,2025-09-18 17:12:14.978
abc29adf-4ae3-4a9a-b0a6-0a25660e2955,Hugo Pfannerstill II,Rosendo81@gmail.com,true,https://cloudflare-ipfs.com/ipfs/Qmd3W5DuhgHirLHGVixi6V76LhCkZUz6pnFt5AJBiyvHye/avatar/1086.jpg,2025-09-18 17:12:08.887,2025-09-18 17:12:08.887
ad868ec4-9da0-41bf-9241-ff090a723e97,Miss Georgia Barton,Adell79@hotmail.com,false,https://cloudflare-ipfs.com/ipfs/Qmd3W5DuhgHirLHGVixi6V76LhCkZUz6pnFt5AJBiyvHye/avatar/683.jpg,2025-09-18 17:12:10.448,2025-09-18 17:12:10.448
ae3d7df4-827d-4a08-9642-dd2b2b226a13,Nichole Hermann-Davis Jr.,Irwin_Franey56@hotmail.com,false,https://cloudflare-ipfs.com/ipfs/Qmd3W5DuhgHirLHGVixi6V76LhCkZUz6pnFt5AJBiyvHye/avatar/440.jpg,2025-09-18 17:11:55.673,2025-09-18 17:11:55.673
b41c9ad1-a5c3-4cd1-ba13-65f8993d32e9,Mr. Wendell DuBuque,Ana.Ryan@yahoo.com,true,https://avatars.githubusercontent.com/u/91374491,2025-09-18 17:12:13.922,2025-09-18 17:12:13.922
b4ec3648-967b-4633-8351-d1d97ad5e5c7,Toni Bins,Rollin_Ruecker46@yahoo.com,true,https://avatars.githubusercontent.com/u/56085818,2025-09-18 17:12:01.49,2025-09-18 17:12:01.49
b64f0029-9fca-47e7-b60d-a5392a515937,Edwin Kihn,Keyshawn86@yahoo.com,true,https://cloudflare-ipfs.com/ipfs/Qmd3W5DuhgHirLHGVixi6V76LhCkZUz6pnFt5AJBiyvHye/avatar/28.jpg,2025-09-18 17:12:08.384,2025-09-18 17:12:08.384
b7340815-27a7-4c1d-b60c-2fb9513367ab,Florence Gorczany,Reggie69@hotmail.com,false,https://cloudflare-ipfs.com/ipfs/Qmd3W5DuhgHirLHGVixi6V76LhCkZUz6pnFt5AJBiyvHye/avatar/1211.jpg,2025-09-18 17:12:04.331,2025-09-18 17:12:04.331
b905f7ed-1e72-404d-a827-8b431d2540d3,Tracy Haley,Jacky.Labadie80@hotmail.com,false,https://avatars.githubusercontent.com/u/65524120,2025-09-18 17:12:01.752,2025-09-18 17:12:01.752
bb08b8f8-4f5b-4f61-89e8-a957a795f6d7,Jonathan Hills,Rickie_Harber70@yahoo.com,true,https://cloudflare-ipfs.com/ipfs/Qmd3W5DuhgHirLHGVixi6V76LhCkZUz6pnFt5AJBiyvHye/avatar/431.jpg,2025-09-18 17:12:04.868,2025-09-18 17:12:04.868
bc8631cd-3798-434b-b197-0231dab33cc6,Meredith Smitham,Jean64@hotmail.com,false,https://avatars.githubusercontent.com/u/93336991,2025-09-18 17:12:07.846,2025-09-18 17:12:07.846
bdadd3c0-9b85-4661-9c7f-6e927c3aa83d,Emilio King,Harley_Abbott@gmail.com,true,https://avatars.githubusercontent.com/u/68256154,2025-09-18 17:11:49.294,2025-09-18 17:11:49.294
bfff5abc-f510-4c22-a3d0-8b93e46d7aac,Janice Hermann V,Tess31@hotmail.com,true,https://avatars.githubusercontent.com/u/21564117,2025-09-18 17:11:50.599,2025-09-18 17:11:50.599
c2324a51-faa1-4f51-8048-42d2da45af6d,Karla McDermott,Jorge.Jerde76@yahoo.com,false,https://cloudflare-ipfs.com/ipfs/Qmd3W5DuhgHirLHGVixi6V76LhCkZUz6pnFt5AJBiyvHye/avatar/619.jpg,2025-09-18 17:11:54.583,2025-09-18 17:11:54.583
c3542c6f-877e-4a3a-9619-ebc7e1632eca,Ed Hilll-Breitenberg,Kacey61@gmail.com,false,https://cloudflare-ipfs.com/ipfs/Qmd3W5DuhgHirLHGVixi6V76LhCkZUz6pnFt5AJBiyvHye/avatar/129.jpg,2025-09-18 17:12:11.505,2025-09-18 17:12:11.505
c467a062-5f93-4ca7-8e00-7a81676ecf1f,Robyn Stehr,Deion.Rice23@gmail.com,true,https://cloudflare-ipfs.com/ipfs/Qmd3W5DuhgHirLHGVixi6V76LhCkZUz6pnFt5AJBiyvHye/avatar/374.jpg,2025-09-18 17:11:55.416,2025-09-18 17:11:55.416
c89817c3-b323-4dad-9dee-dc3a530b3b16,Gabriel Stokes II,Xavier13@hotmail.com,false,https://cloudflare-ipfs.com/ipfs/Qmd3W5DuhgHirLHGVixi6V76LhCkZUz6pnFt5AJBiyvHye/avatar/45.jpg,2025-09-18 17:11:50.853,2025-09-18 17:11:50.853
cd033e32-c49e-49c4-ae25-d5915bdd8dd5,Floyd Pollich,Syble.Pagac@hotmail.com,true,https://avatars.githubusercontent.com/u/56707216,2025-09-18 17:12:12.027,2025-09-18 17:12:12.027
ce6d5270-d89a-403c-82e9-23c26964ad1d,Winston Harris,Loyce_Greenholt@yahoo.com,false,https://cloudflare-ipfs.com/ipfs/Qmd3W5DuhgHirLHGVixi6V76LhCkZUz6pnFt5AJBiyvHye/avatar/800.jpg,2025-09-18 17:12:02.782,2025-09-18 17:12:02.782
d0b0158f-9272-49c5-a1db-17203c7ce2f0,Cornelius Hilll,Jacquelyn_Friesen49@gmail.com,true,https://avatars.githubusercontent.com/u/79080394,2025-09-18 17:11:48.24,2025-09-18 17:11:48.24
d51db446-78c6-4857-98ff-0f76440f808e,Adrian Schamberger,Caroline.Schmitt@hotmail.com,true,https://cloudflare-ipfs.com/ipfs/Qmd3W5DuhgHirLHGVixi6V76LhCkZUz6pnFt5AJBiyvHye/avatar/626.jpg,2025-09-18 17:12:08.639,2025-09-18 17:12:08.639
dcd9e1ba-560a-497f-8227-cd0b3b8278cc,Darrel Dare,Toney81@yahoo.com,false,https://cloudflare-ipfs.com/ipfs/Qmd3W5DuhgHirLHGVixi6V76LhCkZUz6pnFt5AJBiyvHye/avatar/229.jpg,2025-09-18 17:11:56.455,2025-09-18 17:11:56.455
dea75618-9e2c-4384-8dbb-76fcad384f5c,Juanita Jacobi,Erik81@yahoo.com,true,https://cloudflare-ipfs.com/ipfs/Qmd3W5DuhgHirLHGVixi6V76LhCkZUz6pnFt5AJBiyvHye/avatar/143.jpg,2025-09-18 17:11:58.552,2025-09-18 17:11:58.552
e17c8aaa-2517-4c44-a736-1c444aab4d2b,Lance Legros,Demario_Boyle@yahoo.com,false,https://cloudflare-ipfs.com/ipfs/Qmd3W5DuhgHirLHGVixi6V76LhCkZUz6pnFt5AJBiyvHye/avatar/1168.jpg,2025-09-18 17:12:07.323,2025-09-18 17:12:07.323
e3b71027-d1cc-4a68-b4d1-f044a5cf8b61,Lola Abshire,Valentin.Jones70@yahoo.com,true,https://avatars.githubusercontent.com/u/63889503,2025-09-18 17:12:03.806,2025-09-18 17:12:03.806
e5b65c8d-48b5-4067-b152-abeea43a3550,Alfred Yost,Duane.Medhurst57@gmail.com,false,https://cloudflare-ipfs.com/ipfs/Qmd3W5DuhgHirLHGVixi6V76LhCkZUz6pnFt5AJBiyvHye/avatar/119.jpg,2025-09-18 17:11:52.415,2025-09-18 17:11:52.415
ec57e216-a6d4-40a4-be0d-8e2a9e004ec7,Clayton Kub,Colin86@gmail.com,true,https://avatars.githubusercontent.com/u/86856943,2025-09-18 17:11:55.936,2025-09-18 17:11:55.936
ee29900d-a38c-4dc5-90da-79d14c02b791,Aaron Ryan,Nella.Towne@gmail.com,false,https://cloudflare-ipfs.com/ipfs/Qmd3W5DuhgHirLHGVixi6V76LhCkZUz6pnFt5AJBiyvHye/avatar/802.jpg,2025-09-18 17:11:52.741,2025-09-18 17:11:52.741
ee52203d-989f-4f7a-aeb5-a2bef004164c,Guadalupe Swaniawski,Rolando_Beatty@hotmail.com,true,https://avatars.githubusercontent.com/u/93081570,2025-09-18 17:11:46.127,2025-09-18 17:11:46.127
ee924e87-98f2-47af-a196-ec6309d6bf8e,Lora Tromp,Lysanne86@yahoo.com,true,https://cloudflare-ipfs.com/ipfs/Qmd3W5DuhgHirLHGVixi6V76LhCkZUz6pnFt5AJBiyvHye/avatar/409.jpg,2025-09-18 17:11:57.767,2025-09-18 17:11:57.767
eecf262f-e908-4248-a2f7-0518b840c4f2,Dr. Gilberto Turcotte,Penelope21@hotmail.com,true,https://avatars.githubusercontent.com/u/93324216,2025-09-18 17:11:56.98,2025-09-18 17:11:56.98
f28da4ba-9484-42e3-a663-1bc356f7e7fa,Mark Homenick,Vella98@gmail.com,true,https://avatars.githubusercontent.com/u/84064851,2025-09-18 17:11:54.051,2025-09-18 17:11:54.051
f3d29bda-8d6d-4230-bb43-37941dd02355,Andre Barton MD,Sherwood.Mueller@hotmail.com,false,https://avatars.githubusercontent.com/u/57292327,2025-09-18 17:12:15.235,2025-09-18 17:12:15.235
fe509c9e-8012-4643-90c7-c920b5e97cea,Anna Hickle,Marian.McClure87@gmail.com,true,https://avatars.githubusercontent.com/u/46131957,2025-09-18 17:11:53.524,2025-09-18 17:11:53.524